id	name	repo	path	input_shape	catches	load_bytes	load_tok_est	run_cost	run_basis	status	gate	built_against
chain-position-detectability:tools.check_repo	check_repo	chain-position-detectability	tools/check_repo.py	DOCUMENT|NUMBER	a stated count nothing recomputes	20019	5004	TRIVIAL	author-estimate	DERIVED	PASSED	43ee70e8d1ba
chain-position-detectability:work-orders.WO-1-chain-position-detectability	WO-1 — Chain position detectability from inside a container	chain-position-detectability	work-orders/WO-1-chain-position-detectability.md	AGENT-OUTPUT|DOCUMENT	chain position assumed observable from inside a container	7285	1821	EXTERNAL	author-estimate	PROPOSED	UNRUN	43ee70e8d1ba
chain-position-detectability:work-orders.WO-2-quiet-failure-missing-aggregation	WO-2 — "Quiet" failure as a missing aggregation function	chain-position-detectability	work-orders/WO-2-quiet-failure-missing-aggregation.md	CORPUS|ABSENCE	a quiet failure read as a missing signal rather than a missing aggregation function	4870	1217	CORPUS	author-estimate	PROPOSED	UNRUN	43ee70e8d1ba
chain-position-detectability:work-orders.WO-3-terminal-system-accounting-boundary	WO-3 — The terminal system as an accounting boundary	chain-position-detectability	work-orders/WO-3-terminal-system-accounting-boundary.md	NUMBER|CATEGORY-SET	a system called terminal with its crossings netted or uncounted	6841	1710	EXTERNAL	author-estimate	PROPOSED	UNRUN	43ee70e8d1ba
chain-position-detectability:work-orders.WO-4-the-shape-and-the-term-gap	WO-4 — The shape: local correctness with an unowned join	chain-position-detectability	work-orders/WO-4-the-shape-and-the-term-gap.md	CATEGORY-SET	one shape named for one instance; a term gap filled by coinage	7328	1832	TRIVIAL	author-estimate	PROPOSED	UNRUN	43ee70e8d1ba
chain-position-detectability:work-orders.WO-5-hop-distance-and-pre-entry-loss	WO-5 — Hop distance and pre-entry loss in reporting chains	chain-position-detectability	work-orders/WO-5-hop-distance-and-pre-entry-loss.md	NUMBER	the terminal of a reporting chain read as a scaled ground reading	8878	2219	EXTERNAL	author-estimate	PROPOSED	UNRUN	43ee70e8d1ba
chain-position-detectability:work-orders.WO-6-assessor-assessed-coupling	WO-6 — Assessor–assessed coupling as a recurrent known failure mode	chain-position-detectability	work-orders/WO-6-assessor-assessed-coupling.md	CLAIM|NUMBER	assessor independence read off a payment field	11489	2872	EXTERNAL	author-estimate	PROPOSED	UNRUN	43ee70e8d1ba
method-layer:branch_set	branch_set	method-layer	branch_set.py	DECISION|CATEGORY-SET	eliminated candidates dropped from the record; gap triage read from prose	19765	4941	LINEAR	author-estimate	DERIVED	UNRUN	87e138a4ff64+dirty
method-layer:cross_domain_instrument_matrix	cross_domain_instrument_matrix	method-layer	cross_domain_instrument_matrix.py	CATEGORY-SET	an interface question one tradition answers and another does not name	65902	16475	TRIVIAL	author-estimate	PROPOSED	UNRUN	87e138a4ff64+dirty
method-layer:frame_probe	frame_probe	method-layer	frame_probe.py	AGENT-OUTPUT|DOCUMENT	instrument absence read as evasion; a probe that reads the person, not the frame	46801	11700	LINEAR	author-estimate	DERIVED	UNRUN	87e138a4ff64+dirty
method-layer:observer_position_control	observer_position_control	method-layer	observer_position_control.py	CORPUS	a label tracking the describer's position rather than the behaviour	38686	9671	CORPUS	author-estimate	PROPOSED	UNRUN	87e138a4ff64+dirty
method-layer:preference_free_rank	preference_free_rank	method-layer	preference_free_rank.py	DECISION|NUMBER	an unknown converted into a score; an out-of-envelope option ranked	17703	4425	QUADRATIC	author-estimate	DERIVED	UNRUN	87e138a4ff64+dirty
method-layer:premise-traceability.register_map	register_map	method-layer	premise-traceability/register_map.py	CATEGORY-SET|NUMBER	two layers joined whose declarations forbid it; silent coarsening	28281	7070	LINEAR	author-estimate	DERIVED	UNRUN	87e138a4ff64+dirty
method-layer:rank_detector	rank_detector	method-layer	rank_detector.py	NUMBER	a resolution artifact read as dimensional activation	75442	18860	LINEAR	author-estimate	DERIVED	PASSED	87e138a4ff64+dirty
simulators:AMOC	REGIME_SHIFT — AMOC regime-shift trajectory framework	Simulators	AMOC/	UNRATED	UNRATED	78575	19643	UNRATED	UNRATED	UNRATED	UNRUN	1f79f138f446
simulators:adaptive-claim-loop	ADAPTIVE CLAIM LOOP	Simulators	adaptive-claim-loop/	AGENT-OUTPUT|CLAIM	a parameter walked until a claim passes, logged as diligence	143570	35892	LINEAR	author-estimate	DERIVED	UNRUN	1f79f138f446
simulators:additivity-inheritance	additivity-inheritance	Simulators	additivity-inheritance/	NUMBER|CLAIM	an interaction assigned to noise by the decomposition itself; a precondition citation tracing cannot reach	33250	8312	LINEAR	author-estimate	DERIVED	PASSED	1f79f138f446
simulators:agent-lifecycle-energy	agent-lifecycle-energy	Simulators	agent-lifecycle-energy/	NUMBER	absent samples read as zero joules; wall and card blended	62182	15545	LINEAR	author-estimate	PROPOSED	PASSED	1f79f138f446
simulators:alignment-under-coupling	alignment-under-coupling	Simulators	alignment-under-coupling/	NUMBER	a mass fraction standing in for a two-dimensional state	65124	16281	LINEAR	author-estimate	DERIVED	UNRUN	1f79f138f446
simulators:anchor-interval	anchor-interval	Simulators	anchor-interval/	CORPUS|NUMBER	a model drifting toward the corpus it writes into; a benchmark read as a capability	107383	26845	LINEAR	author-estimate	DERIVED	UNRUN	1f79f138f446
simulators:anchor-measurand-crossing	anchor-measurand-crossing	Simulators	anchor-measurand-crossing/	AGENT-OUTPUT|CLAIM	a defect whose quantity differs from the method's measurand, scored as a band	83112	20778	LINEAR	author-estimate	PROPOSED	PASSED	1f79f138f446
simulators:anchor-position	anchor-position	Simulators	anchor-position/	AGENT-OUTPUT|CLAIM	a defect whose quantity differs from the method's measurand, as a function of prompt anchor	112366	28091	LINEAR	author-estimate	PROPOSED	PASSED	1f79f138f446
simulators:antifungal-mechanism-sim	antifungal-mechanism-sim	Simulators	antifungal-mechanism-sim/	UNRATED	UNRATED	52508	13127	UNRATED	UNRATED	UNRATED	UNRUN	1f79f138f446
simulators:aperiodic-order-sim-stack	aperiodic-order-sim-stack	Simulators	aperiodic-order-sim-stack/	DOCUMENT|NUMBER	two estimators disagreeing on the sign of a headline with one published	76746	19186	TRIVIAL	author-estimate	OBSERVED	UNRUN	1f79f138f446
simulators:assessor-coupling	assessor-coupling	Simulators	assessor-coupling/	CLAIM|NUMBER	assessor independence read off a payment field; a pool auditing itself by relabeling outflows	68501	17125	LINEAR	author-estimate	PROPOSED	UNRUN	1f79f138f446
simulators:blame-attribution	blame-attribution	Simulators	blame-attribution/	DOCUMENT	prose and code arms encoding different causal chains	62485	15621	TRIVIAL	author-estimate	PROPOSED	UNRUN	1f79f138f446
simulators:branch-set	branch-set	Simulators	branch-set/	DECISION|CLAIM	a held branch collapsed at intake rather than at measurement	17561	4390	TRIVIAL	author-estimate	PROPOSED	UNRUN	1f79f138f446
simulators:bridge-impoundment	bridge-impoundment	Simulators	bridge-impoundment/	NUMBER	a bridge evaluated as a single event rather than a transient impoundment	105820	26455	EXTERNAL	author-estimate	PROPOSED	UNRUN	1f79f138f446
simulators:category-weld	category-weld	Simulators	category-weld/	CATEGORY-SET|NUMBER	independent quantities welded into one term, a component moving with the record unmoved	95815	23953	LINEAR	author-estimate	PROPOSED	UNRUN	1f79f138f446
simulators:ch4-four-box	ch4-four-box	Simulators	ch4-four-box/	NUMBER	exchange times read as exchange rates	37129	9282	TRIVIAL	author-estimate	DERIVED	UNRUN	1f79f138f446
simulators:chain-position	chain-position	Simulators	chain-position/	DOCUMENT|CLAIM	chain position assumed observable from inside a compliant container	123944	30986	TRIVIAL	author-estimate	PROPOSED	PASSED	1f79f138f446
simulators:claim-audits	claim-audits	Simulators	claim-audits/	DOCUMENT|CLAIM	a threshold with no null model under it	43567	10891	LINEAR	author-estimate	OBSERVED	UNRUN	1f79f138f446
simulators:claim-record	claim-record	Simulators	claim-record/	CLAIM	a claim with an optional field; an interval marked exact; a stored date where a clock should derive	121728	30432	LINEAR	author-estimate	DERIVED	UNRUN	1f79f138f446
simulators:claim-refusal-gap	claim-refusal-gap	Simulators	claim-refusal-gap/	ABSENCE|NUMBER	refusal measured only where it is contested	35935	8983	TRIVIAL	author-estimate	PROPOSED	UNRUN	1f79f138f446
simulators:climate-modeling	climate-modeling	Simulators	climate-modeling/	NUMBER	a smooth memoryless model underestimating how fast collapse arrives	68608	17152	LINEAR	author-estimate	DERIVED	UNRUN	1f79f138f446
simulators:closure-cost	CLOSURE COST	Simulators	closure-cost/	ABSENCE|CLAIM	a variable closed before the event, its categorisation stall read as reaction delay	89115	22278	TRIVIAL	author-estimate	PROPOSED	UNRUN	1f79f138f446
simulators:clustering-axes	clustering-axes	Simulators	clustering-axes/	UNRATED	UNRATED	44029	11007	UNRATED	UNRATED	UNRATED	UNRUN	1f79f138f446
simulators:coinage-log	coinage-log	Simulators	coinage-log/	ABSENCE	an absent word read as a finding before the search is bounded	16245	4061	TRIVIAL	author-estimate	PROPOSED	UNRUN	1f79f138f446
simulators:cold-weather-battery-guide	Cold-Weather Battery Guide	Simulators	cold-weather-battery-guide/	UNRATED	UNRATED	6185	1546	UNRATED	UNRATED	UNRATED	UNRUN	1f79f138f446
simulators:columbia-chain-cascade	columbia-chain-cascade	Simulators	columbia-chain-cascade/	DOCUMENT|NUMBER	no single plan spanning a chain, recorded as commentary rather than data	415933	103983	EXTERNAL	author-estimate	PROPOSED	UNRUN	1f79f138f446
simulators:condition-scoped-authority	condition-scoped-authority	Simulators	condition-scoped-authority/	DECISION|CATEGORY-SET	a rank with no condition column	91546	22886	TRIVIAL	author-estimate	PROPOSED	UNRUN	1f79f138f446
simulators:consensus-anchor	consensus-anchor	Simulators	consensus-anchor/	NUMBER	agreement on a distribution read as consensus on a position	83749	20937	LINEAR	author-estimate	DERIVED	UNRUN	1f79f138f446
simulators:constraint-assembly	CONSTRAINT ASSEMBLY	Simulators	constraint-assembly/	DECISION	sufficiency composed from insufficient parts read as selection	89980	22495	TRIVIAL	author-estimate	PROPOSED	UNRUN	1f79f138f446
simulators:continuity-audit	continuity-audit	Simulators	continuity-audit/	NUMBER	an incentive field read without its trajectory	20619	5154	LINEAR	author-estimate	DERIVED	UNRUN	1f79f138f446
simulators:conversation-type	AUDIT_NOTES — `conversation-type`	Simulators	conversation-type/	CATEGORY-SET	three states in one regulatory bin	69038	17259	TRIVIAL	author-estimate	PROPOSED	UNRUN	1f79f138f446
simulators:cooperative-substrate	cooperative-substrate	Simulators	cooperative-substrate/	CORPUS|NUMBER	a dependency verified by nothing in the argument; a term profile that is a property of the term	156571	39142	LINEAR	author-estimate	PROPOSED	UNRUN	1f79f138f446
simulators:cooperative-substrate-proof	cooperative-substrate-proof	Simulators	cooperative-substrate-proof/	CORPUS|NUMBER	comprehension read from a raw corpus rather than a matched remap	78219	19554	LINEAR	author-estimate	PROPOSED	UNRUN	1f79f138f446
simulators:corpus-input-gaps	corpus-input-gaps	Simulators	corpus-input-gaps/	CORPUS|ABSENCE	an output event read where the input side was never measured; a threat model transmitted and read as confirmed	40807	10201	TRIVIAL	author-estimate	PROPOSED	UNRUN	1f79f138f446
simulators:credential-channel	credential-channel	Simulators	credential-channel/	NUMBER	credit flowing up the reporting chain read as competence	40607	10151	LINEAR	author-estimate	PROPOSED	PASSED	1f79f138f446
simulators:crediting-rate	crediting-rate	Simulators	crediting-rate/	CORPUS|NUMBER	attribution tracking the loanword rather than the contribution	28622	7155	CORPUS	author-estimate	PROPOSED	PASSED	1f79f138f446
simulators:criteria-drift	Criteria Drift Auditor	Simulators	criteria-drift/	NUMBER	a score change read as capability when the ruler moved	184391	46097	LINEAR	author-estimate	DERIVED	UNRUN	1f79f138f446
simulators:criterion-externality	criterion-externality	Simulators	criterion-externality/	NUMBER	a grade ordering authorship read as an ordering of surfaced rate	40284	10071	LINEAR	author-estimate	DERIVED	PASSED	1f79f138f446
simulators:criterion-symmetry	AUDIT_NOTES — `criterion-symmetry`	Simulators	criterion-symmetry/	NUMBER|CATEGORY-SET	a criterion applied to one subject class and not another; a prior-resolving statistic	62554	15638	TRIVIAL	author-estimate	PROPOSED	UNRUN	1f79f138f446
simulators:crossdomain-eval	crossdomain-eval	Simulators	crossdomain-eval/	UNRATED	UNRATED	11809	2952	UNRATED	UNRATED	UNRATED	UNRUN	1f79f138f446
simulators:custody-verification-band	custody-verification-band	Simulators	custody-verification-band/	CATEGORY-SET	a recorded field collinear with another and carrying no information	51864	12966	LINEAR	author-estimate	PROPOSED	UNRUN	1f79f138f446
simulators:cycle-ledger	cycle-ledger	Simulators	cycle-ledger/	NUMBER	a decision layer credited with moving a cycle it does not bind	61060	15265	LINEAR	author-estimate	PROPOSED	UNRUN	1f79f138f446
simulators:declared-frame	declared-frame	Simulators	declared-frame/	CLAIM|NUMBER	two results compared across undeclared frames	47846	11961	TRIVIAL	author-estimate	PROPOSED	UNRUN	1f79f138f446
simulators:deep-research-correction	deep-research-correction	Simulators	deep-research-correction/	DOCUMENT	a commit-author share read as a contribution share	90029	22507	TRIVIAL	author-estimate	OBSERVED	PASSED	1f79f138f446
simulators:dependency-ledger	dependency-ledger	Simulators	dependency-ledger/	CLAIM|NUMBER	a reconstruction claim not propagated to conserved quantities; a residual built from unsourced coefficients	57652	14413	LINEAR	author-estimate	PROPOSED	UNRUN	1f79f138f446
simulators:dependency-survey	dependency-survey	Simulators	dependency-survey/	CATEGORY-SET	a term measured in one substrate and missing in another, with no units on the measured side	126092	31523	LINEAR	author-estimate	PROPOSED	UNRUN	1f79f138f446
simulators:derivation-discarded	AUDIT_NOTES — derivation-discarded	Simulators	derivation-discarded/	ABSENCE|NUMBER	a persisted structure removed with its derivation, booked as a gain	39172	9793	TRIVIAL	author-estimate	PROPOSED	UNRUN	1f79f138f446
simulators:design-basis-ai	design-basis-ai	Simulators	design-basis-ai/	DOCUMENT|CLAIM	a load case carried by no provision; a self-report of compliance	328702	82175	TRIVIAL	author-estimate	PROPOSED	UNRUN	1f79f138f446
simulators:divergence-playground	divergence-playground	Simulators	divergence-playground/	AGENT-OUTPUT|CLAIM	readers anchoring on prior readings; agreement by accident on the verdict axis	75589	18897	LINEAR	author-estimate	DERIVED	UNRUN	1f79f138f446
simulators:domain-ledger	A2 — CANDIDATE, NOT ADOPTED	Simulators	domain-ledger/	NUMBER	a confidence asserted without the domain set it was taken over	90905	22726	TRIVIAL	author-estimate	PROPOSED	UNRUN	1f79f138f446
simulators:earth_economics	Clone all repositories (or use as submodules)	Simulators	earth_economics/	UNRATED	UNRATED	74560	18640	UNRATED	UNRATED	UNRATED	UNRUN	1f79f138f446
simulators:effective-redundancy-audit	effective-redundancy-audit	Simulators	effective-redundancy-audit/	CATEGORY-SET|NUMBER	N nominal channels sharing a node the redundancy diagram cannot draw	48940	12235	LINEAR	author-estimate	PROPOSED	UNRUN	1f79f138f446
simulators:emergence-stability-simulator	emergence-stability-simulator	Simulators	emergence-stability-simulator/	UNRATED	UNRATED	271525	67881	UNRATED	UNRATED	UNRATED	UNRUN	1f79f138f446
simulators:enclosure-first-residual	enclosure-first-residual	Simulators	enclosure-first-residual/	UNRATED	UNRATED	70052	17513	UNRATED	UNRATED	UNRATED	UNRUN	1f79f138f446
simulators:encoding-selection	encoding-selection	Simulators	encoding-selection/	DOCUMENT|DECISION	encodings of one content ranked on one axis	44227	11056	LINEAR	author-estimate	PROPOSED	UNRUN	1f79f138f446
simulators:energy	energy	Simulators	energy/	UNRATED	UNRATED	85945	21486	UNRATED	UNRATED	UNRATED	UNRUN	1f79f138f446
simulators:engine-boiler-guide	Engine & Boiler Fix Guide	Simulators	engine-boiler-guide/	UNRATED	UNRATED	3382	845	UNRATED	UNRATED	UNRATED	UNRUN	1f79f138f446
simulators:envelope-asymmetry	envelope-asymmetry	Simulators	envelope-asymmetry/	DOCUMENT|NUMBER	envelope discipline coded with zero reliability on one marker; absent pairs scored two ways	47147	11786	CORPUS	author-estimate	PROPOSED	UNRUN	1f79f138f446
simulators:equivalence-field	equivalence-field	Simulators	equivalence-field/	CLAIM|NUMBER	extensive totals hiding an intensive asymmetry; an epicycle rescue of a refuted claim	20496	5124	LINEAR	author-estimate	DERIVED	UNRUN	1f79f138f446
simulators:evaluation-frame	evaluation-frame	Simulators	evaluation-frame/	AGENT-OUTPUT|CORPUS	compensation behaviour scored against a population default; a correction channel terminating at the instance	79230	19807	CORPUS	author-estimate	PROPOSED	UNRUN	1f79f138f446
simulators:experience-ledger	experience-ledger	Simulators	experience-ledger/	CLAIM	an origin claim conferring present standing never rechecked	38665	9666	TRIVIAL	author-estimate	PROPOSED	UNRUN	1f79f138f446
simulators:exploration-engine	exploration-engine	Simulators	exploration-engine/	UNRATED	UNRATED	20001	5000	UNRATED	UNRATED	UNRATED	UNRUN	1f79f138f446
simulators:exploration-playground	exploration-playground	Simulators	exploration-playground/	UNRATED	UNRATED	14609	3652	UNRATED	UNRATED	UNRATED	UNRUN	1f79f138f446
simulators:external-audit	external-audit	Simulators	external-audit/	DOCUMENT|NUMBER	an outside count that does not reproduce; a refusal read as a failure	410240	102560	LINEAR	author-estimate	OBSERVED	UNRUN	1f79f138f446
simulators:extraction-blindness-sim	extraction-blindness-sim	Simulators	extraction-blindness-sim/	NUMBER	the absence of an error signal read as safety	113869	28467	LINEAR	author-estimate	DERIVED	UNRUN	1f79f138f446
simulators:failure-mode-register	failure-mode-register	Simulators	failure-mode-register/	DOCUMENT|CATEGORY-SET	a register scored under two superimposed states; a value whose source span does not support it	650916	162729	LINEAR	author-estimate	PROPOSED	PASSED	1f79f138f446
simulators:false-tradeoff	false-tradeoff	Simulators	false-tradeoff/	DECISION	a posed dilemma read as a property of the system	67363	16840	TRIVIAL	author-estimate	PROPOSED	UNRUN	1f79f138f446
simulators:falsifier-audit	falsifier-audit	Simulators	falsifier-audit/	FALSIFIER	a falsifier with implicit scope; a claim whose test drifted from it; an undeclared reference body	153494	38373	LINEAR	author-estimate	OBSERVED	UNRUN	1f79f138f446
simulators:falsifier-survey	falsifier-survey	Simulators	falsifier-survey/	UNRATED	UNRATED	22167	5541	UNRATED	UNRATED	UNRATED	UNRUN	1f79f138f446
simulators:field-fabrication-guide	Field Fabrication & Materials Reference	Simulators	field-fabrication-guide/	UNRATED	UNRATED	4718	1179	UNRATED	UNRATED	UNRATED	UNRUN	1f79f138f446
simulators:fold-matrix	fold-matrix	Simulators	fold-matrix/	CATEGORY-SET|NUMBER	a folded term read as a scalar; a purpose stated with direction and no magnitude	171551	42887	LINEAR	author-estimate	PROPOSED	UNRUN	1f79f138f446
simulators:fourd-municipal-engine	fourd-municipal-engine	Simulators	fourd-municipal-engine/	UNRATED	UNRATED	19641	4910	UNRATED	UNRATED	UNRATED	UNRUN	1f79f138f446
simulators:fourd-municipal-engine-v2	fourd-municipal-engine-v2	Simulators	fourd-municipal-engine-v2/	UNRATED	UNRATED	31775	7943	UNRATED	UNRATED	UNRATED	UNRUN	1f79f138f446
simulators:fragility-cascade	fragility-cascade	Simulators	fragility-cascade/	UNRATED	UNRATED	834839	208709	UNRATED	UNRATED	UNRATED	UNRUN	1f79f138f446
simulators:frame-instruments	frame-instruments	Simulators	frame-instruments/	AGENT-OUTPUT|CORPUS	runner-up traces scored without a permuted null; an audit read after its key	31270	7817	LINEAR	author-estimate	PROPOSED	UNRUN	1f79f138f446
simulators:frame-location-benchmark	frame-location-benchmark	Simulators	frame-location-benchmark/	AGENT-OUTPUT|DECISION	a mis-posed problem answered before the mis-posing is named	61146	15286	CORPUS	author-estimate	PROPOSED	PASSED	1f79f138f446
simulators:frame-token-audit	frame-token-audit	Simulators	frame-token-audit/	DOCUMENT	a frame token counted in the mention sense	20732	5183	TRIVIAL	author-estimate	PROPOSED	UNRUN	1f79f138f446
simulators:fuel-independence-guide	Far North Fuel Independence	Simulators	fuel-independence-guide/	UNRATED	UNRATED	4572	1143	UNRATED	UNRATED	UNRATED	UNRUN	1f79f138f446
simulators:gap-existence-cases	gap-existence-cases	Simulators	gap-existence-cases/	AGENT-OUTPUT|CLAIM	a commit rewritten after the record was read; a vague commit scored as a hit	49283	12320	EXTERNAL	author-estimate	PROPOSED	PASSED	1f79f138f446
simulators:gap-markers	gap-markers	Simulators	gap-markers/	ABSENCE	a location where nobody asks read as a finding of nothing	81796	20449	TRIVIAL	author-estimate	PROPOSED	UNRUN	1f79f138f446
simulators:gap-register	gap-register	Simulators	gap-register/	ABSENCE|CLAIM	an unmeasured quantity carrying no mark	55705	13926	LINEAR	author-estimate	PROPOSED	UNRUN	1f79f138f446
simulators:gate-check	Run note — gate_check.py	Simulators	gate-check/	DOCUMENT	a structural feature absent with no file and line to point at	17896	4474	TRIVIAL	author-estimate	DERIVED	UNRUN	1f79f138f446
simulators:gdprf-framework	gdprf-framework	Simulators	gdprf-framework/	UNRATED	UNRATED	12244	3061	UNRATED	UNRATED	UNRATED	UNRUN	1f79f138f446
simulators:generation-capacity	generation-capacity	Simulators	generation-capacity/	DECISION|ABSENCE	an option space reduced upstream passing an option-space audit truthfully	75253	18813	TRIVIAL	author-estimate	PROPOSED	UNRUN	1f79f138f446
simulators:grounding-layers	grounding-layers	Simulators	grounding-layers/	CLAIM	a claim scored outside a layer's ontology; a layer unbounded by the layers below it	654948	163737	LINEAR	author-estimate	PROPOSED	UNRUN	1f79f138f446
simulators:handoff-provenance	handoff-provenance	Simulators	handoff-provenance/	AGENT-OUTPUT|DOCUMENT	a talk-to-code handoff with its provenance dropped	93655	23413	TRIVIAL	author-estimate	PROPOSED	UNRUN	1f79f138f446
simulators:held-open-uncertainty	AUDIT_NOTES — held-open-uncertainty	Simulators	held-open-uncertainty/	CLAIM|NUMBER	a held-open variable read as failure to act	32337	8084	TRIVIAL	author-estimate	PROPOSED	UNRUN	1f79f138f446
simulators:hf-incident-extract	hf-incident-extract	Simulators	hf-incident-extract/	DOCUMENT|NUMBER	a prose count promoted to a measure without a coded sheet	35722	8930	TRIVIAL	author-estimate	PROPOSED	UNRUN	1f79f138f446
simulators:household-scope-audit	household-scope-audit	Simulators	household-scope-audit/	DOCUMENT|CATEGORY-SET	an externally imposed condition coded as a property of the person measured	72035	18008	CORPUS	author-estimate	PROPOSED	UNRUN	1f79f138f446
simulators:incentive-blindspot-sim	incentive_blindspot_sim	Simulators	incentive-blindspot-sim/	NUMBER	an incentive structure gating what an institution can see	18930	4732	LINEAR	author-estimate	PROPOSED	UNRUN	1f79f138f446
simulators:instrument-bias-sims	instrument-bias-sims	Simulators	instrument-bias-sims/	NUMBER	a uniformity statistic whose range grows with levels; an agent missing from the AGENTS section	213966	53491	LINEAR	author-estimate	DERIVED	UNRUN	1f79f138f446
simulators:instrument-epistemology	instrument-epistemology	Simulators	instrument-epistemology/	NUMBER|CATEGORY-SET	an instrument's indication read as its measurand without the bridge model	12332	3083	LINEAR	author-estimate	PROPOSED	UNRUN	1f79f138f446
simulators:internal-reference-boundary	internal-reference-boundary	Simulators	internal-reference-boundary/	CLAIM|NUMBER	a boundary drawn by the party inside it, measured from inside	130906	32726	LINEAR	author-estimate	PROPOSED	PASSED	1f79f138f446
simulators:inverseminar	inverseminar	Simulators	inverseminar/	AGENT-OUTPUT	silence recorded as confirmation	16678	4169	TRIVIAL	author-estimate	PROPOSED	UNRUN	1f79f138f446
simulators:investigation-sim	investigation-sim	Simulators	investigation-sim/	CATEGORY-SET|ABSENCE	held data never asked read as genuinely novel; a rate computed over an incident-only frame	88379	22094	TRIVIAL	author-estimate	PROPOSED	UNRUN	1f79f138f446
simulators:label-position-test	label-position-test	Simulators	label-position-test/	CORPUS	a valence label tracking the actor's position rather than the move	69858	17464	CORPUS	author-estimate	PROPOSED	UNRUN	1f79f138f446
simulators:labor-instrument	labor-instrument	Simulators	labor-instrument/	NUMBER	a delta with the instrument's own revision inside it; exposure converted across substrate classes	54943	13735	LINEAR	author-estimate	PROPOSED	UNRUN	1f79f138f446
simulators:ledger	ledger	Simulators	ledger/	UNRATED	UNRATED	135469	33867	UNRATED	UNRATED	UNRATED	UNRUN	1f79f138f446
simulators:loop-weight	loop-weight	Simulators	loop-weight/	NUMBER|CLAIM	a source weighted by standing instead of loop structure	73706	18426	TRIVIAL	author-estimate	PROPOSED	UNRUN	1f79f138f446
simulators:machine-record-format	machine-record-format	Simulators	machine-record-format/	DOCUMENT|CATEGORY-SET	a categorization baked into the record at write time	120587	30146	LINEAR	author-estimate	PROPOSED	UNRUN	1f79f138f446
simulators:measurand-partition	measurand-partition	Simulators	measurand-partition/	NUMBER|CLAIM	a residual assigned to the thing observed in one setting	108560	27140	LINEAR	author-estimate	PROPOSED	PASSED	1f79f138f446
simulators:measurement-fork	measurement-fork	Simulators	measurement-fork/	DECISION|NUMBER	same base name, different object; a quantity no arm reaches	148102	37025	QUADRATIC	author-estimate	PROPOSED	UNRUN	1f79f138f446
simulators:membership-probe	membership-probe	Simulators	membership-probe/	AGENT-OUTPUT	an ideal rendering used as a membership test for a constraint set	61254	15313	LINEAR	author-estimate	PROPOSED	UNRUN	1f79f138f446
simulators:merge-path	merge-path	Simulators	merge-path/	DOCUMENT|CATEGORY-SET	a field coerced into a slot that means something else; a forced mapping where NO-MERGE is the honest return	68878	17219	LINEAR	author-estimate	PROPOSED	UNRUN	1f79f138f446
simulators:mining-increment	mining-increment	Simulators	mining-increment/	NUMBER	a coal-basin parameter transferred to another basin without a basis	101418	25354	EXTERNAL	author-estimate	PROPOSED	UNRUN	1f79f138f446
simulators:model-deprecation-backcast	model-deprecation-backcast	Simulators	model-deprecation-backcast/	NUMBER|CORPUS	a fad-driven discard read as cost-driven; a guardrail clock pooled into the fad axis	52851	13212	CORPUS	author-estimate	PROPOSED	PASSED	1f79f138f446
simulators:model-ecology	model-ecology	Simulators	model-ecology/	NUMBER	'which model predicts best' asked where domain of validity is the question; the window as the invisible confound	76213	19053	LINEAR	author-estimate	DERIVED	UNRUN	1f79f138f446
simulators:model-provenance	model-provenance	Simulators	model-provenance/	DOCUMENT	a self-reported model trailer read as the newest version at the time	45557	11389	TRIVIAL	author-estimate	OBSERVED	UNRUN	1f79f138f446
simulators:moral-decomposer	moral-decomposer	Simulators	moral-decomposer/	DECISION|CLAIM	a disagreement presented as moral that is an option-distribution disagreement	36124	9031	LINEAR	author-estimate	PROPOSED	UNRUN	1f79f138f446
simulators:move-set	move-set	Simulators	move-set/	DOCUMENT|CLAIM	a refusal verdict indistinguishable from an unbound answer; a stated relationship inside its own rounding band	159138	39784	LINEAR	author-estimate	PROPOSED	PASSED	1f79f138f446
simulators:move-set-derivation	move-set-derivation	Simulators	move-set-derivation/	AGENT-OUTPUT|DECISION	silence scored as a perfect null rate; conservatism scored as admissibility	81386	20346	LINEAR	author-estimate	PROPOSED	UNRUN	1f79f138f446
simulators:msiaf-framework	msiaf-framework	Simulators	msiaf-framework/	UNRATED	UNRATED	9809	2452	UNRATED	UNRATED	UNRATED	UNRUN	1f79f138f446
simulators:msiaf-gdprf-bridge	msiaf-gdprf-bridge	Simulators	msiaf-gdprf-bridge/	UNRATED	UNRATED	8890	2222	UNRATED	UNRATED	UNRATED	UNRUN	1f79f138f446
simulators:neural-augmentation-audit	neural-augmentation-audit	Simulators	neural-augmentation-audit/	UNRATED	UNRATED	12770	3192	UNRATED	UNRATED	UNRATED	UNRUN	1f79f138f446
simulators:nonidentity-census	BOUNDARY DECISIONS	Simulators	nonidentity-census/	CORPUS|CLAIM	identity-bearing unit decided by a word list; a measurement window that could not have seen the dissolution	186995	46748	CORPUS	author-estimate	PROPOSED	PASSED	1f79f138f446
simulators:notes	notes	Simulators	notes/	DOCUMENT	an entry checked by a file that edits it; a dataset note written into the tree it is checked against	235909	58977	TRIVIAL	author-estimate	OBSERVED	UNRUN	1f79f138f446
simulators:null-harness	null-harness	Simulators	null-harness/	NUMBER	a gate that never fires or always fires, read as a gate	37516	9379	LINEAR	author-estimate	OBSERVED	FAILED	1f79f138f446
simulators:observable-indicator-rules	observable-indicator-rules	Simulators	observable-indicator-rules/	NUMBER|DECISION	a false alarm passing a miss filter onto a household card	58175	14543	LINEAR	author-estimate	DERIVED	UNRUN	1f79f138f446
simulators:observer-exclusion	AUDIT_NOTES — `observer-exclusion`	Simulators	observer-exclusion/	CORPUS|NUMBER	a lead time attenuated by archival censoring; the wrong sign on the correction	101374	25343	EXTERNAL	author-estimate	PROPOSED	UNRUN	1f79f138f446
simulators:observer-position-control	observer-position-control	Simulators	observer-position-control/	CORPUS	a label tracking the describer's position rather than the behaviour	19748	4937	CORPUS	author-estimate	PROPOSED	UNRUN	1f79f138f446
simulators:ontology-probe	ontology-probe	Simulators	ontology-probe/	AGENT-OUTPUT|CATEGORY-SET	a premise composing through a shared term; a term-cut that holes	142241	35560	CORPUS	author-estimate	PROPOSED	PASSED	1f79f138f446
simulators:open-instrumentation-project	The Open Instrumentation Project	Simulators	open-instrumentation-project/	UNRATED	UNRATED	18362	4590	UNRATED	UNRATED	UNRATED	UNRUN	1f79f138f446
simulators:operator-machine-coupling	operator-machine-coupling	Simulators	operator-machine-coupling/	NUMBER	an operator-by-unit interaction reported as noise	63571	15892	QUADRATIC	author-estimate	PROPOSED	PASSED	1f79f138f446
simulators:operator-structure-echo	operator-structure-echo	Simulators	operator-structure-echo/	DOCUMENT|AGENT-OUTPUT	an instrument recurring to its builder's structure	45874	11468	TRIVIAL	author-estimate	PROPOSED	UNRUN	1f79f138f446
simulators:photoperiod-claim-harness	photoperiod-claim-harness	Simulators	photoperiod-claim-harness/	CLAIM|NUMBER	a sim retuned to save a claim; an empty result set reading as support	96901	24225	LINEAR	author-estimate	DERIVED	UNRUN	1f79f138f446
simulators:play-sims	play-sims	Simulators	play-sims/	UNRATED	UNRATED	3537	884	UNRATED	UNRATED	UNRATED	UNRUN	1f79f138f446
simulators:predicate-difference	predicate-difference	Simulators	predicate-difference/	CLAIM|CATEGORY-SET	a set difference read without its support rule	66264	16566	TRIVIAL	author-estimate	PROPOSED	UNRUN	1f79f138f446
simulators:presented-binary	presented-binary	Simulators	presented-binary/	DECISION|CLAIM	a two-option framing answered before its option space is audited; the second option absent from the ballot	88877	22219	TRIVIAL	author-estimate	OBSERVED	UNRUN	1f79f138f446
simulators:proxy-investigation-lab	proxy-investigation-lab	Simulators	proxy-investigation-lab/	NUMBER	a proxy with one assumed link capping its fidelity whatever the sensor	10337	2584	LINEAR	author-estimate	PROPOSED	UNRUN	1f79f138f446
simulators:publication-loop-work-orders	publication-loop-work-orders	Simulators	publication-loop-work-orders/	DOCUMENT	a study design routed to a build	42848	10712	EXTERNAL	author-estimate	PROPOSED	UNRUN	1f79f138f446
simulators:qrng-pair-search	QRNG PAIR SEARCH	Simulators	qrng-pair-search/	CATEGORY-SET|NUMBER	a bath assigned to the source and not to the fielded leg	39098	9774	TRIVIAL	author-estimate	PROPOSED	UNRUN	1f79f138f446
simulators:question-availability	AUDIT_NOTES — `question-availability`	Simulators	question-availability/	ABSENCE|CLAIM	unasked, unaskable and superseded pooled as knowledge decay	41176	10294	TRIVIAL	author-estimate	PROPOSED	UNRUN	1f79f138f446
simulators:railcar-containment	railcar_containment	Simulators	railcar-containment/	NUMBER	an anchor lying past the end of its source term; a margin applied where the envelope says none	61456	15364	LINEAR	author-estimate	DERIVED	UNRUN	1f79f138f446
simulators:readout-count	readout-count	Simulators	readout-count/	NUMBER|CORPUS	a declared channel with no return counted as a channel	135632	33908	CORPUS	author-estimate	PROPOSED	UNRUN	1f79f138f446
simulators:reasoning-dial	reasoning-dial	Simulators	reasoning-dial/	NUMBER	a knee that moves with the plot window	98833	24708	LINEAR	author-estimate	DERIVED	UNRUN	1f79f138f446
simulators:reasoning-gate	reasoning gate	Simulators	reasoning-gate/	NUMBER|CLAIM	a ratio across unlike objects; a claim without named support; an undeclared resolution	96572	24143	LINEAR	author-estimate	DERIVED	UNRUN	1f79f138f446
simulators:recommender-confound	recommender-confound	Simulators	recommender-confound/	NUMBER|AGENT-OUTPUT	a matcher's spread attributed to the model	72292	18073	LINEAR	author-estimate	PROPOSED	UNRUN	1f79f138f446
simulators:relational	Council of Protectors Architecture	Simulators	relational/	UNRATED	UNRATED	472575	118143	UNRATED	UNRATED	UNRATED	UNRUN	1f79f138f446
simulators:removal-closure	removal-closure	Simulators	removal-closure/	CLAIM|NUMBER	time-to-closure ranked over closed rows only	62181	15545	CORPUS	author-estimate	PROPOSED	UNRUN	1f79f138f446
simulators:report-typing	report-typing	Simulators	report-typing/	AGENT-OUTPUT|CORPUS	a report typed by the reporter's position, not its content	64065	16016	CORPUS	author-estimate	PROPOSED	UNRUN	1f79f138f446
simulators:reporting-chain-loss	reporting-chain-loss	Simulators	reporting-chain-loss/	NUMBER	the terminal of a reporting chain read as a scaled ground reading; a non-report read as disengagement	50611	12652	LINEAR	author-estimate	DERIVED	PASSED	1f79f138f446
simulators:research-stability-audit	research-stability-audit	Simulators	research-stability-audit/	CLAIM|FALSIFIER	a stability claim with no measurement method or threshold	33151	8287	TRIVIAL	author-estimate	PROPOSED	UNRUN	1f79f138f446
simulators:reservoir-chain-coupling	reservoir-chain-coupling	Simulators	reservoir-chain-coupling/	NUMBER	max(wave, pool) evaluated where the physics sums them	47531	11882	TRIVIAL	author-estimate	DERIVED	UNRUN	1f79f138f446
simulators:residual-direction	residual-direction	Simulators	residual-direction/	UNRATED	UNRATED	49694	12423	UNRATED	UNRATED	UNRATED	UNRUN	1f79f138f446
simulators:return-path	return-path	Simulators	return-path/	CATEGORY-SET|NUMBER	a channel scored as a return path with elective receipt or a re-encoding	64530	16132	TRIVIAL	author-estimate	PROPOSED	PASSED	1f79f138f446
simulators:revision-mechanism	revision-mechanism	Simulators	revision-mechanism/	CORPUS	a shape claim carried by two points	53552	13388	EXTERNAL	author-estimate	PROPOSED	UNRUN	1f79f138f446
simulators:revision-survival	revision-survival	Simulators	revision-survival/	AGENT-OUTPUT|CLAIM	a revision label retrieved where a mechanism was asked; a seed list selected on being a reversal	209730	52432	CORPUS	author-estimate	PROPOSED	PASSED	1f79f138f446
simulators:rigidification-sensor	rigidification_sensor — trajectory spec	Simulators	rigidification-sensor/	NUMBER	variance suppression read as stability; reversal cost crossing continuation cost unnoticed	36870	9217	LINEAR	author-estimate	DERIVED	UNRUN	1f79f138f446
simulators:routing-data-layer	routing-data-layer	Simulators	routing-data-layer/	NUMBER|ABSENCE	a never-created record read as an incomplete one; a single crossing read as structural	59100	14775	TRIVIAL	author-estimate	PROPOSED	PASSED	1f79f138f446
simulators:rule-coherence-counterfactual	rule-coherence-counterfactual	Simulators	rule-coherence-counterfactual/	NUMBER	restrictiveness uncontrolled across the arms of a counterfactual	38265	9566	LINEAR	author-estimate	PROPOSED	UNRUN	1f79f138f446
simulators:scope-bound-shapes	scope-bound-shapes	Simulators	scope-bound-shapes/	CLAIM|CATEGORY-SET	a shape read without its binding declared FROZEN	49699	12424	TRIVIAL	author-estimate	PROPOSED	UNRUN	1f79f138f446
simulators:seam-gaps	seam-gaps	Simulators	seam-gaps/	ABSENCE	a gap coded by two fields as the other's problem	40584	10146	TRIVIAL	author-estimate	PROPOSED	UNRUN	1f79f138f446
simulators:search-substitution	SEARCH SUBSTITUTION	Simulators	search-substitution/	NUMBER	an exponential in a formalism read as a property of the organism	26995	6748	TRIVIAL	author-estimate	DERIVED	UNRUN	1f79f138f446
simulators:self-scan	self-scan	Simulators	self-scan/	DOCUMENT	a stated number nothing maintains; a divergence born rather than drifted	197321	49330	LINEAR	author-estimate	OBSERVED	UNRUN	1f79f138f446
simulators:shape-spec-audit	shape-spec-audit	Simulators	shape-spec-audit/	DOCUMENT|CLAIM	a definition contradicted by its own worked examples; a shadow read with no cell for jointly unsatisfiable tangents	92763	23190	TRIVIAL	author-estimate	DERIVED	PASSED	1f79f138f446
simulators:sheet-structure-scan	sheet-structure-scan	Simulators	sheet-structure-scan/	DOCUMENT|NUMBER	a prose relation no cell maintains; a companion absent from a flagged cell; coupling reported as dependent count	394610	98652	LINEAR	author-estimate	OBSERVED	PASSED	1f79f138f446
simulators:sim-span	SIM-SPAN	Simulators	sim-span/	NUMBER	a U manufactured by a span-reporting rule	77381	19345	LINEAR	author-estimate	DERIVED	PASSED	1f79f138f446
simulators:simulation-hypothesis-budget	simulation-hypothesis-budget	Simulators	simulation-hypothesis-budget/	NUMBER|CLAIM	a cross-frame ratio with an unknown denominator; a stepping cost multiplied by a transition count	234262	58565	TRIVIAL	author-estimate	DERIVED	UNRUN	1f79f138f446
simulators:stop-authority	stop-authority	Simulators	stop-authority/	NUMBER|CATEGORY-SET	a zero read in one of the two states it fits	107690	26922	TRIVIAL	author-estimate	PROPOSED	UNRUN	1f79f138f446
simulators:substrate-alternative	substrate-alternative	Simulators	substrate-alternative/	DOCUMENT|DECISION	a money-frame token in text; an allocation rule left implicit when the price signal is removed	92736	23184	TRIVIAL	author-estimate	PROPOSED	UNRUN	1f79f138f446
simulators:substrate-emergence	substrate-emergence	Simulators	substrate-emergence/	UNRATED	UNRATED	22361	5590	UNRATED	UNRATED	UNRATED	UNRUN	1f79f138f446
simulators:supplement-placement	supplement-placement	Simulators	supplement-placement/	DECISION	direction read where placement is the variable	31765	7941	TRIVIAL	author-estimate	PROPOSED	UNRUN	1f79f138f446
simulators:sustained-activation-gate	sustained-activation-gate	Simulators	sustained-activation-gate/	NUMBER	a bistable lock read as a baseline shift	44080	11020	LINEAR	author-estimate	DERIVED	UNRUN	1f79f138f446
simulators:term-drift-citation	term-drift-citation	Simulators	term-drift-citation/	CLAIM|DOCUMENT	a citation that no longer attaches to the term it is cited for	58225	14556	TRIVIAL	author-estimate	PROPOSED	UNRUN	1f79f138f446
simulators:terrain-prior	terrain-prior	Simulators	terrain-prior/	CLAIM	an indicator read as a rating rather than a record of the process that made the site	97853	24463	TRIVIAL	author-estimate	PROPOSED	UNRUN	1f79f138f446
simulators:thermal-coupling	thermal-coupling	Simulators	thermal-coupling/	NUMBER	a claim refuted by its own function; a free-parameter count of one against a census of 35	88418	22104	LINEAR	author-estimate	DERIVED	UNRUN	1f79f138f446
simulators:thermal-sensor-degradation-audit	Thermal Sensor Degradation Audit	Simulators	thermal-sensor-degradation-audit/	NUMBER	a sensor package degrading during the event it records, biasing the tail low	34929	8732	TRIVIAL	author-estimate	DERIVED	UNRUN	1f79f138f446
simulators:token-minimizer	Token Minimizer — Design Notes	Simulators	token-minimizer/	DOCUMENT	a query carrying tokens its geometry does not need	15677	3919	TRIVIAL	author-estimate	PROPOSED	UNRUN	1f79f138f446
simulators:tools	tools	Simulators	tools/	UNRATED	UNRATED	218796	54699	UNRATED	UNRATED	UNRATED	UNRUN	1f79f138f446
simulators:tools.authority_scan	authority_scan	Simulators	tools/authority_scan.py	DOCUMENT	a field name from a forbidden standing vocabulary	2855	713	TRIVIAL	author-estimate	DERIVED	UNRUN	1f79f138f446
simulators:tools.check_gate_drift	check_gate_drift	Simulators	tools/check_gate_drift.py	DOCUMENT	a stale copy of the one gate anywhere in the tree	8375	2093	TRIVIAL	author-estimate	OBSERVED	UNRUN	1f79f138f446
simulators:tools.check_term_collision	check_term_collision	Simulators	tools/check_term_collision.py	UNRATED	UNRATED	7586	1896	UNRATED	UNRATED	UNRATED	UNRUN	1f79f138f446
simulators:tools.gap_index	gap_index	Simulators	tools/gap_index.py	DOCUMENT|ABSENCE	two gaps under one id; an open question missed by a filename glob	24683	6170	TRIVIAL	author-estimate	OBSERVED	UNRUN	1f79f138f446
simulators:tools.known_answer	known_answer	Simulators	tools/known_answer.py	NUMBER	a metric shipped without a known-answer run; a case set that cannot detect a constant metric	93227	23306	TRIVIAL	author-estimate	OBSERVED	PASSED	1f79f138f446
simulators:tools.run_manifest	run_manifest	Simulators	tools/run_manifest.py	UNRATED	UNRATED	25791	6447	UNRATED	UNRATED	UNRATED	UNRUN	1f79f138f446
simulators:tools.sourced	sourced	Simulators	tools/sourced.py	NUMBER	a value whose stated source span does not support it	19637	4909	TRIVIAL	author-estimate	DERIVED	UNRUN	1f79f138f446
simulators:tools.substrate_substitution	substrate_substitution	Simulators	tools/substrate_substitution.py	CLAIM	narrative-instinct framing on a claim	6012	1503	TRIVIAL	author-estimate	PROPOSED	UNRUN	1f79f138f446
simulators:tools.substrate_substitution_toolkit	substrate_substitution_toolkit	Simulators	tools/substrate_substitution_toolkit.py	CLAIM	narrative-instinct framing on a claim, seven categories	25448	6362	TRIVIAL	author-estimate	PROPOSED	UNRUN	1f79f138f446
simulators:tools.validate_claim_table	validate_claim_table	Simulators	tools/validate_claim_table.py	CLAIM|DOCUMENT	a malformed CLAIM_TABLE.json	4904	1226	TRIVIAL	author-estimate	DERIVED	UNRUN	1f79f138f446
simulators:transmission-cascade	transmission-cascade	Simulators	transmission-cascade/	CORPUS|NUMBER	a type-by-layer table released before the coder kappa clears	32552	8138	CORPUS	author-estimate	PROPOSED	UNRUN	1f79f138f446
simulators:transmission-decay	transmission-decay	Simulators	transmission-decay/	CORPUS	a half-life interpolated across a categorical axis	54007	13501	EXTERNAL	author-estimate	PROPOSED	UNRUN	1f79f138f446
simulators:triad-playground	triad-playground	Simulators	triad-playground/	NUMBER	a consensus blind to the error its shadows share	87274	21818	TRIVIAL	author-estimate	PROPOSED	UNRUN	1f79f138f446
simulators:trigger-geometry	trigger-geometry	Simulators	trigger-geometry/	DECISION|NUMBER	sensor correct, response derived in a geometry it is not applied in	99657	24914	TRIVIAL	author-estimate	PROPOSED	PASSED	1f79f138f446
simulators:undeclared-cuts	undeclared-cuts	Simulators	undeclared-cuts/	UNRATED	UNRATED	19732	4933	UNRATED	UNRATED	UNRATED	UNRUN	1f79f138f446
simulators:uninstrumented	uninstrumented	Simulators	uninstrumented/	ABSENCE|CATEGORY-SET	a quantity excluded by the instrument's constitution read as an oversight	941897	235474	LINEAR	author-estimate	OBSERVED	UNRUN	1f79f138f446
simulators:upgrade-queue	upgrade-queue	Simulators	upgrade-queue/	DOCUMENT	a queued format change read as adopted	34115	8528	TRIVIAL	author-estimate	PROPOSED	UNRUN	1f79f138f446
simulators:valence-divergence	valence-divergence	Simulators	valence-divergence/	CLAIM|CATEGORY-SET	agreement reached over an unflagged valence mismatch	88490	22122	TRIVIAL	author-estimate	PROPOSED	UNRUN	1f79f138f446
simulators:vector-field-explorer	vector-field-explorer	Simulators	vector-field-explorer/	UNRATED	UNRATED	17622	4405	UNRATED	UNRATED	UNRATED	UNRUN	1f79f138f446
simulators:voice-attractor-probe	voice-attractor-probe	Simulators	voice-attractor-probe/	AGENT-OUTPUT	a model drifting to one modality on modality-neutral tasks	36355	9088	LINEAR	author-estimate	PROPOSED	UNRUN	1f79f138f446
simulators:zero-sum-curriculum-null	zero-sum-curriculum-null	Simulators	zero-sum-curriculum-null/	CLAIM	a null construction read as a conjunction in its header and a disjunction in its result	32885	8221	TRIVIAL	author-estimate	DERIVED	UNRUN	1f79f138f446
