lam,beta,w0,wa,EDE,fs8_0,nec_ok,ede_ok,w0_in_range,valid
0.1,0.0,-0.9985247840160396,-0.0021546379562356593,1.2869248624962337e-09,0.26217191157223985,True,True,True,True
0.1,0.01,-0.9989678051129685,-0.0025816166388697866,3.052889106508015e-05,0.26232575189611923,True,True,True,True
0.1,0.02,-0.9993297811746154,-0.0026947459472850305,0.00012207479829115547,0.26220566277213875,True,True,True,True
0.1,0.03,-0.9996144627610315,-0.002492782529541446,0.00027452822127866495,0.2623253892811144,True,True,True,True
0.1,0.04,-0.9998217476722429,-0.0019719649071137596,0.0004877046406368444,0.2626855517515134,True,True,True,True
0.1,0.05,-0.9999507145259013,-0.0011254496583817228,0.0007613459503996283,0.26328678170456493,True,True,True,True
0.2,0.0,-0.9940890688551158,-0.008591644121487118,1.2978058003336644e-09,0.2618445505150414,True,True,True,True
0.2,0.01,-0.9950225158431667,-0.00960358567459747,3.0528883020064996e-05,0.2622803693415023,True,True,True,True
0.2,0.02,-0.9958551726351639,-0.010308965162108597,0.00012207477730649511,0.2619356675259599,True,True,True,True
0.2,0.03,-0.9966282573855593,-0.01069515216825222,0.0002745281829089478,0.26233770265812467,True,True,True,True
0.2,0.04,-0.9973130380503342,-0.010773133987389327,0.00048770459080002727,0.2624719280933358,True,True,True,True
0.2,0.05,-0.9979391854933529,-0.010509798353710782,0.000761345885448067,0.2633540440996782,True,True,True,True
0.3,0.0,-0.9866992624042217,-0.01922412317258651,1.30877873599139e-09,0.2619855068940651,True,True,True,True
0.3,0.01,-0.9880846281485254,-0.020828759187950477,3.052888560938258e-05,0.2616892707265502,True,True,True,True
0.3,0.02,-0.9894308165325927,-0.022119467395989273,0.00012207475667440416,0.2621310975943912,True,True,True,True
0.3,0.03,-0.9906793586048679,-0.02310472274087657,0.00027452815060554866,0.26230629702011765,True,True,True,True
0.3,0.04,-0.9918606411991244,-0.023774068598862254,0.0004877045430259419,0.26271985057117825,True,True,True,True
0.3,0.05,-0.9929413398423722,-0.024143469635361074,0.0007613458329495997,0.2628690011167664,True,True,True,True
0.4,0.0,-0.9762952779300618,-0.033917169616679996,1.3310037186191718e-09,0.2615957081761664,True,True,True,True
0.4,0.01,-0.978173671923696,-0.03610841839339834,3.0528888204123745e-05,0.26157880084011764,True,True,True,True
0.4,0.02,-0.9799917143507042,-0.03799787391372969,0.00012207474642595065,0.2617933201614871,True,True,True,True
0.4,0.03,-0.9816964485316281,-0.03959365605068234,0.0002745281287094327,0.26174455174825656,True,True,True,True
0.4,0.04,-0.9833977759014931,-0.04086563004892319,0.00048770450619996225,0.26243018530945256,True,True,True,True
0.4,0.05,-0.9849848748363412,-0.04183814803339821,0.0007613457829573166,0.26285465941253944,True,True,True,True
0.5,0.0,-0.9629319592658961,-0.05246074651561115,1.3536061121567073e-09,0.2616981082783543,True,True,True,True
0.5,0.01,-0.965254396823126,-0.05524548883887633,3.052889615134562e-05,0.26145905626734334,True,True,True,True
0.5,0.02,-0.9675228339116669,-0.05773861431303145,0.00012207474127217817,0.2614493955907626,True,True,True,True
0.5,0.03,-0.9697409039293481,-0.05993638607810143,0.0002745281072283474,0.26167239728487884,True,True,True,True
0.5,0.04,-0.9719110522974835,-0.061832118135586346,0.00048770447496430654,0.26212872825199496,True,True,True,True
0.5,0.05,-0.9739472670001976,-0.06344346042475615,0.0007613457434281686,0.26232833792182825,True,True,True,True
0.6,0.0,-0.9464610964502009,-0.07460957268670529,1.3882313969554593e-09,0.2613228694701475,True,True,True,True
0.6,0.01,-0.9491942173147321,-0.07798957383171401,3.052891497817234e-05,0.2608676861456819,True,True,True,True
0.6,0.02,-0.9519934826476282,-0.08108018508344633,0.00012207474114776212,0.2611237688666016,True,True,True,True
0.6,0.03,-0.9546415174148865,-0.08389900613569701,0.00027452809540433516,0.26112452789414076,True,True,True,True
0.6,0.04,-0.9573704626762579,-0.08641172940026412,0.000487704448896187,0.2618386896167069,True,True,True,True
0.6,0.05,-0.9599470097734609,-0.08864416579982212,0.0007613457054662595,0.26230038158145846,True,True,True,True
0.7,0.0,-0.9267601804870366,-0.10004158206627478,1.4357801152365054e-09,0.2605234353519824,True,True,True,True
0.7,0.01,-0.9301531401080042,-0.10399855923304835,3.05289340837191e-05,0.2608125205519356,True,True,True,True
0.7,0.02,-0.9333753791388709,-0.10769797511153531,0.00012207474605102398,0.26084578418994564,True,True,True,True
0.7,0.03,-0.9365724684861684,-0.11112743637568764,0.0002745280837066018,0.2611040565304667,True,True,True,True
0.7,0.04,-0.9395906411962854,-0.11429711976776458,0.0004877044318309667,0.2611146339800978,True,True,True,True
0.7,0.05,-0.9427443619074047,-0.11716813698082011,0.0007613456765214142,0.2618257252132551,True,True,True,True
0.8,0.0,-0.9040475989793136,-0.12834922636905932,1.484957429436708e-09,0.2603009434224309,True,True,True,True
0.8,0.01,-0.9078528159568435,-0.13290035148892315,3.052896471889478e-05,0.2603673679852001,True,True,True,True
0.8,0.02,-0.9114564519858304,-0.13720819866164236,0.0001220747611344911,0.26018487783406724,True,True,True,True
0.8,0.03,-0.915240161621603,-0.14125916218700005,0.0002745280812650727,0.2606871208910392,True,True,True,True
0.8,0.04,-0.9188228718065803,-0.14505878606087177,0.0004877044150550523,0.26094676918131476,True,True,True,True
0.8,0.05,-0.9221961910001906,-0.1486110157113343,0.0007613456558253702,0.2609673255757074,True,True,True,True
0.9,0.0,-0.8779852798511343,-0.15908469875056708,1.5488044456419816e-09,0.25975376753561596,True,True,True,True
0.9,0.01,-0.8823867507460079,-0.16422760885980006,3.052900186190165e-05,0.2600590483638369,True,True,True,True
0.9,0.02,-0.8865635860289531,-0.16913979588239608,0.00012207477640788637,0.2601205831817221,True,True,True,True
0.9,0.03,-0.8905061962505553,-0.17381847682366733,0.00027452808801778334,0.25994565194816316,True,True,True,True
0.9,0.04,-0.894693534496503,-0.17826440868818605,0.00048770440669951954,0.26043870389437973,True,True,True,True
0.9,0.05,-0.898646996347238,-0.18246943141089147,0.0007613456356106506,0.2606988106222117,True,True,True,True
1.0,0.0,-0.8487123907465839,-0.19171167554493715,1.6222113061109958e-09,0.2594081960128313,True,True,True,True
1.0,0.01,-0.8534829641033994,-0.19744076595500895,3.052905201307765e-05,0.2594925410786509,True,True,True,True
1.0,0.02,-0.8579928807022045,-0.20295077519671156,0.0001220748076644486,0.25934204988632564,True,True,True,True
1.0,0.03,-0.8625189488433214,-0.20825591031372906,0.0002745280994650419,0.25940170452336675,True,True,True,True
1.0,0.04,-0.8670670330201226,-0.21335179413354224,0.0004877044065513386,0.2596721137643682,True,True,True,True
1.0,0.05,-0.8716422808910637,-0.21823146949124417,0.0007613456229266032,0.2601539556493517,True,True,True,True
1.1,0.0,-0.815938054988905,-0.22560489724122604,1.7134631668251245e-09,0.2588896674541495,True,True,True,True
1.1,0.01,-0.8210258805438868,-0.23190102604113208,3.052911650992749e-05,0.2587618339804516,True,True,True,True
1.1,0.02,-0.8258151001826307,-0.23798580499569,0.00012207485062549784,0.2584093974174494,True,True,True,True
1.1,0.03,-0.8309654860422573,-0.24393367178273864,0.0002745281204933246,0.25868408718874203,True,True,True,True
1.1,0.04,-0.8358205735275083,-0.24966367307930779,0.000487704414606189,0.2587408016367056,True,True,True,True
1.1,0.05,-0.8410598457083123,-0.25524552643485027,0.0007613456174476238,0.25942345044622867,True,True,True,True
1.2,0.0,-0.7792117626722447,-0.2599858426417008,1.83284986527725e-09,0.25789294616919406,True,True,True,True
1.2,0.01,-0.7849262306940289,-0.2668777607823233,3.052919711641666e-05,0.2579731291078527,True,True,True,True
1.2,0.02,-0.7903157815597154,-0.2735672845253872,0.0001220749007287391,0.25783672175908756,True,True,True,True
1.2,0.03,-0.7957540225346933,-0.2801140537094926,0.0002745281516438569,0.25789675134116824,True,True,True,True
1.2,0.04,-0.8012477802930504,-0.2865151399134847,0.00048770442688953223,0.2581539918627443,True,True,True,True
1.2,0.05,-0.8068032578505411,-0.2927655767156523,0.0007613456190352089,0.2586092966763761,True,True,True,True
1.3,0.0,-0.7387572844653805,-0.29404682875723703,1.977131364690916e-09,0.2569818167944025,True,True,True,True
1.3,0.01,-0.7447190346014133,-0.3014574432865971,3.052930316126468e-05,0.25685427552667006,True,True,True,True
1.3,0.02,-0.7507417732021574,-0.30876628081202756,0.0001220749705950102,0.25691080698496616,True,True,True,True
1.3,0.03,-0.7568350255757513,-0.31597226461882544,0.000274528193730222,0.2571545780034421,True,True,True,True
1.3,0.04,-0.7625689385214851,-0.32296892952052275,0.0004877044520729949,0.257201213595461,True,True,True,True
1.3,0.05,-0.7683756011036225,-0.3298542658264255,0.0007613456313061671,0.25743960456761883,True,True,True,True
1.4,0.0,-0.6941352151461434,-0.3267582017653287,2.1598765925842935e-09,0.2559176801376893,True,True,True,True
1.4,0.01,-0.7007447900147344,-0.3347659805663799,3.052943151823247e-05,0.25596361240668475,True,True,True,True
1.4,0.02,-0.7069652003340308,-0.34257469296531434,0.00012207506306938454,0.25581630240388165,True,True,True,True
1.4,0.03,-0.7132644113370299,-0.3503193767018372,0.0002745282584911556,0.2558494460867619,True,True,True,True
1.4,0.04,-0.7196501628141315,-0.35799979989491526,0.0004877044911291935,0.25606400204443225,True,True,True,True
1.4,0.05,-0.7261297024212006,-0.3656139822480698,0.0007613456510643036,0.25646101290018475,True,True,True,True
1.5,0.0,-0.6448180016438108,-0.3568514632036035,2.3995808900524666e-09,0.2545607880904534,True,True,True,True
1.5,0.01,-0.6515853339297939,-0.3652822534644597,3.052961109929188e-05,0.2544028923539548,True,True,True,True
1.5,0.02,-0.658952206782727,-0.37388973375874124,0.00012207518205463306,0.25475691297378533,True,True,True,True
1.5,0.03,-0.6659109911088821,-0.38229529466928747,0.00027452833802487644,0.2549350000104107,True,True,True,True
1.5,0.04,-0.6724507786034729,-0.3904860994641714,0.0004877045455965663,0.2549421432360883,True,True,True,True
1.5,0.05,-0.6785623072913033,-0.39845083419699084,0.000761345690253019,0.2547831412482598,True,True,True,True
