lam,beta,w0,wa,fs8_0,EDE,G_eff,fs8_ratio
0.1,0.0,-0.9985247840160396,-0.0021546379562356593,0.26217191157223985,1.2869248624962337e-09,1.0,1.000878530212501
0.1,0.025,-0.9994841048260099,-0.0026297699922102785,0.262554331041513,0.00019069787369794844,1.00125,1.0023384708828624
0.1,0.05,-0.9999507145259013,-0.0011254496583817228,0.26328678170456493,0.0007613459503996283,1.005,1.005134705379122
0.1,0.075,-0.9999224739386446,0.002402943100902585,0.26489053285042774,0.0017076283731294413,1.01125,1.011257253290802
0.1,0.1,-0.9993923360763048,0.007966170056613497,0.2668621435705993,0.0030223769897149617,1.02,1.0187841574046808
0.1,0.125,-0.9983602724006516,0.015571332393462983,0.26920902492706095,0.0046956141231618955,1.03125,1.027743710503073
0.1,0.15,-0.9967620290239649,0.025582434153226783,0.2729800884172908,0.0067146119622020625,1.045,1.0421402812905551
0.1,0.175,-0.994654093237827,0.037652610331882344,0.27663792752985994,0.009063971064968538,1.06125,1.05610460192577
0.1,0.2,-0.9919428279261384,0.05226887624051987,0.2812439766022799,0.011725719762538469,1.08,1.0736888488347685
0.2,0.0,-0.9940890688551158,-0.008591644121487118,0.2618445505150414,1.2978058003336644e-09,1.0,0.9996287828546979
0.2,0.025,-0.9962600815446973,-0.010537438487497393,0.26242400976315056,0.00019069784398270914,1.00125,1.001840950882491
0.2,0.05,-0.9979391854933529,-0.010509798353710782,0.2633540440996782,0.000761345885448067,1.005,1.0053914891312632
0.2,0.075,-0.9991216462743316,-0.008489218108114358,0.2646476589100217,0.001707628283665174,1.01125,1.0103300475079906
0.2,0.1,-0.9998067018681736,-0.004467354320128865,0.2663134447558058,0.0030223768808500463,1.02,1.016689421702498
0.2,0.125,-0.9999944155366481,0.0018119651605838943,0.2693850667841189,0.004695614001028964,1.03125,1.0284157753100591
0.2,0.15,-0.9996610836413549,0.01012790208193725,0.2723455959642872,0.00671461183002414,1.045,1.0397180161821964
0.2,0.175,-0.9987852611064093,0.02084290839921079,0.27623910160120674,0.009063970947422147,1.06125,1.0545820272651698
0.2,0.2,-0.9973564909744258,0.03390010309120771,0.2805741393945272,0.011725719649543031,1.08,1.0711316501022397
0.3,0.0,-0.9866992624042217,-0.01922412317258651,0.2619855068940651,1.30877873599139e-09,1.0,1.0001669038632195
0.3,0.025,-0.9900675108434358,-0.022649996611805265,0.2622519093255289,0.0001906978199480434,1.00125,1.001183933004326
0.3,0.05,-0.9929413398423722,-0.024143469635361074,0.2628690011167664,0.0007613458329495997,1.005,1.0035397686135492
0.3,0.075,-0.9953520175674898,-0.023644880689389105,0.26435508639286065,0.0017076282053017638,1.01125,1.0092131103456508
0.3,0.1,-0.9972621582561136,-0.021134028328532246,0.26621880634154604,0.00302237678361702,1.02,1.0163281261068031
0.3,0.125,-0.9986930713446238,-0.016458119800549467,0.26897988001149775,0.004695613902103047,1.03125,1.0268689172236587
0.3,0.15,-0.9996037848895339,-0.009613853265274397,0.2721518437301239,0.006714611718427606,1.045,1.0389783394937524
0.3,0.175,-0.9999871858962472,-0.0005427696824434151,0.27575448511724665,0.009063970853263806,1.06125,1.0527319349678144
0.3,0.2,-0.9998233909091535,0.011156475448732954,0.28032711689765083,0.011725719563036216,1.08,1.070188606615543
0.4,0.0,-0.9762952779300618,-0.033917169616679996,0.2615957081761664,1.3310037186191718e-09,1.0,0.9986787918625498
0.4,0.025,-0.9808856219188127,-0.038826377507879255,0.26205096352239304,0.00019069780128112363,1.00125,1.0004167938440365
0.4,0.05,-0.9849848748363412,-0.04183814803339821,0.26285465941253944,0.0007613457829573166,1.005,1.0034850171195338
0.4,0.075,-0.9885867797581186,-0.042922369948017944,0.2640251352672929,0.0017076281365760325,1.01125,1.0079534750337678
0.4,0.1,-0.9917471909704713,-0.041973094421977775,0.26607448444293313,0.003022376699849074,1.02,1.0157771567489688
0.4,0.125,-0.9944019289567918,-0.03897118249202609,0.26852218328597494,0.004695613819198025,1.03125,1.0251215949297594
0.4,0.15,-0.996594074170898,-0.03368482049306863,0.27188875791881634,0.006714611626436518,1.045,1.037973972021424
0.4,0.175,-0.9982552664744407,-0.026112999719107906,0.2757000933318358,0.009063970775594777,1.06125,1.0525242865972808
0.4,0.2,-0.9993739396413677,-0.016150926158450145,0.2799842214274542,0.011725719497847644,1.08,1.0688795544284921
0.5,0.0,-0.9629319592658961,-0.05246074651561115,0.2616981082783543,1.3536061121567073e-09,1.0,0.9990697188049398
0.5,0.025,-0.9686072409449862,-0.05887959669398001,0.26134731241455306,0.00019069779259484518,1.00125,0.9977305057425622
0.5,0.05,-0.9739472670001976,-0.06344346042475615,0.26232833792182825,0.0007613457434281686,1.005,1.0014757100321225
0.5,0.075,-0.9787945276680182,-0.06611975160208824,0.2636751863617127,0.0017076280762431987,1.01125,1.0066174953547624
0.5,0.1,-0.9832344512338784,-0.06678326159876458,0.2658957537167006,0.003022376627505882,1.02,1.0150948268017879
0.5,0.125,-0.9871702458823439,-0.06539453886268384,0.2685202470607127,0.004695613747453498,1.03125,1.02511420311466
0.5,0.15,-0.9905959444465267,-0.061883757942038625,0.27157149941413034,0.006714611550414757,1.045,1.0367627925935317
0.5,0.175,-0.9935070543454446,-0.05616945675736152,0.2750754808088055,0.009063970713464233,1.06125,1.0501397395256522
0.5,0.2,-0.9959628559734343,-0.0478234442451838,0.27956074544243026,0.011725719448499181,1.08,1.0672628746746267
0.6,0.0,-0.9464610964502009,-0.07460957268670529,0.2613228694701475,1.3882313969554593e-09,1.0,0.9976371913286572
0.6,0.025,-0.9533368595500288,-0.08252334886392158,0.2611558485725411,0.00019069778397391325,1.00125,0.9969995653163641
0.6,0.05,-0.9599470097734609,-0.08864416579982212,0.26230038158145846,0.0007613457054662595,1.005,1.0013689827298282
0.6,0.075,-0.9659421068623704,-0.0929729348058099,0.2633274958145747,0.0017076280232434535,1.01125,1.0052901372800496
0.6,0.1,-0.9715652104933815,-0.09538386724638738,0.2652214568456914,0.0030223765673738573,1.02,1.0125206026710054
0.6,0.125,-0.9768190583833892,-0.09572224066491292,0.2680039227432279,0.004695613688840861,1.03125,1.023143061656759
0.6,0.15,-0.9814453311533888,-0.09412326400120481,0.2707369741432462,0.006714611488954501,1.045,1.033576873775842
0.6,0.175,-0.9858116335717252,-0.08994712617770578,0.274899599362612,0.00906397066110157,1.06125,1.049468287109937
0.6,0.2,-0.9895397125920721,-0.0835952426932481,0.2790768507952064,0.011725719410963812,1.08,1.0654155380915935
0.7,0.0,-0.9267601804870366,-0.10004158206627478,0.2605234353519824,1.4357801152365054e-09,1.0,0.9945852379733479
0.7,0.025,-0.9349957974907609,-0.10944544864524217,0.26100609014909876,0.00019069778021896136,1.00125,0.9964278412523978
0.7,0.05,-0.9427443619074047,-0.11716813698082011,0.2618257252132551,0.0007613456765214142,1.005,0.9995569145898265
0.7,0.075,-0.949998118828436,-0.12315390437477589,0.263008980924288,0.001707627976673448,1.01125,1.004074161421579
0.7,0.1,-0.9567549540691125,-0.12735411295808308,0.26457830571525165,0.0030223765150792295,1.02,1.0100652818310318
0.7,0.125,-0.9633609734636154,-0.12949013594322034,0.26749914172357564,0.004695613639180052,1.03125,1.0212159883787757
0.7,0.15,-0.9693059360893077,-0.12970693680509207,0.2703868287898285,0.0067146114363652604,1.045,1.032240144129299
0.7,0.175,-0.9749281561438331,-0.12760120925451243,0.27421718849652676,0.009063970618656051,1.06125,1.0468630866498556
0.7,0.2,-0.9800525322081493,-0.12313079668932815,0.27855723748362005,0.011725719382277134,1.08,1.0634318404313043
0.8,0.0,-0.9040475989793136,-0.12834922636905932,0.2603009434224309,1.484957429436708e-09,1.0,0.9937358434135025
0.8,0.025,-0.9133728385255893,-0.13926519685552483,0.2604665500350482,0.00019069778610779229,1.00125,0.994368070191863
0.8,0.05,-0.9221961910001906,-0.1486110157113343,0.2609673255757074,0.0007613456558253702,1.005,0.9962798519845637
0.8,0.075,-0.9307265973238,-0.1563058723558492,0.26229090447492687,0.0017076279385529825,1.01125,1.0013328025288328
0.8,0.1,-0.9389836242256043,-0.16222635228105906,0.26445819123270325,0.003022376467427691,1.02,1.0096067277241891
0.8,0.125,-0.9467604451723421,-0.16629699658995345,0.26703655866326775,0.004695613596954703,1.03125,1.0194500118074274
0.8,0.15,-0.9538414826987773,-0.16857085839853397,0.26959710509995805,0.0067146113936548575,1.045,1.029225261713973
0.8,0.175,-0.9608840639271492,-0.16847155488664886,0.2735540433027317,0.009063970583403708,1.06125,1.044331435631626
0.8,0.2,-0.9674518825235506,-0.16602317044066503,0.27803080268081387,0.011725719360248917,1.08,1.0614221007588676
0.9,0.0,-0.8779852798511343,-0.15908469875056708,0.25975376753561596,1.5488044456419816e-09,1.0,0.9916469217053046
0.9,0.025,-0.8885647716760541,-0.17150835809847648,0.26006237860817577,0.00019069779689728962,1.00125,0.992825088332151
0.9,0.05,-0.898646996347238,-0.18246943141089147,0.2606988106222117,0.0007613456356106506,1.005,0.9952547579903857
0.9,0.075,-0.9082298417717841,-0.19190831683786938,0.2616939290851087,0.0017076279051463537,1.01125,0.9990537641408109
0.9,0.1,-0.9178444144151467,-0.19967510555575227,0.263966642846815,0.003022376427811686,1.02,1.0077301719061162
0.9,0.125,-0.9267250897466822,-0.205759919997372,0.26620456693202743,0.004695613562120733,1.03125,1.0162737651373743
0.9,0.15,-0.9354085119202188,-0.2099221643702854,0.2693334397300621,0.0067146113568144535,1.045,1.0282186816943713
0.9,0.175,-0.943640724736739,-0.2120758966187532,0.2729444578790057,0.009063970554081627,1.06125,1.042004256647123
0.9,0.2,-0.9514337599284322,-0.21205135669512745,0.2770802558898224,0.011725719343529594,1.08,1.0577932533001129
1.0,0.0,-0.8487123907465839,-0.19171167554493715,0.2594081960128313,1.6222113061109958e-09,1.0,0.9903276533071997
1.0,0.025,-0.8602889472168028,-0.2056313972628419,0.2594003387970398,0.00019069781768093298,1.00125,0.9902976572693105
1.0,0.05,-0.8716422808910637,-0.21823146949124417,0.2601539556493517,0.0007613456229266032,1.005,0.9931746967010403
1.0,0.075,-0.8825019427827038,-0.2294236670649175,0.26126092295460596,0.001707627875946397,1.01125,0.9974007017022317
1.0,0.1,-0.8928739485153033,-0.23914307648324176,0.2627506508279458,0.0030223763967088097,1.02,1.0030879495669753
1.0,0.125,-0.9034088994718331,-0.24720833550040805,0.2655160677612846,0.00469561353220928,1.03125,1.013645321709041
1.0,0.15,-0.9135039267243755,-0.2534974946307679,0.2687278528263692,0.006714611326753435,1.045,1.0259067676283327
1.0,0.175,-0.9228537207215755,-0.2580185159065966,0.2719929777415932,0.009063970530203523,1.06125,1.0383718460057665
1.0,0.2,-0.9321192141324957,-0.26033725845660205,0.27622133305434277,0.011725719330520643,1.08,1.054514193312392
1.1,0.0,-0.815938054988905,-0.22560489724122604,0.2588896674541495,1.7134631668251245e-09,1.0,0.9883480968452799
1.1,0.025,-0.8284265344134221,-0.24098673217051084,0.2585742789070923,0.00019069784898839736,1.00125,0.9871440562463789
1.1,0.05,-0.8410598457083123,-0.25524552643485027,0.25942345044622867,0.0007613456174476238,1.005,0.9903858892745327
1.1,0.075,-0.8532056697972806,-0.26822957698339095,0.26062007535063153,0.0017076278529549434,1.01125,0.9949541749018983
1.1,0.1,-0.864872442118703,-0.2798647337534483,0.2621960765379178,0.003022376367767614,1.02,1.0009707834031092
1.1,0.125,-0.8764485281621341,-0.29005138963262106,0.2645997506402832,0.004695613507401664,1.03125,1.0101471508799218
1.1,0.15,-0.8875995860745663,-0.2986586872175422,0.2674502823387601,0.006714611302871361,1.045,1.0210294607337354
1.1,0.175,-0.898728457534709,-0.3054443449782933,0.27120502942143365,0.009063970510199927,1.06125,1.0353637413166135
1.1,0.2,-0.9094925972029081,-0.3102384212612585,0.2754962033790232,0.0117257193203579,1.08,1.0517459077272013
1.2,0.0,-0.7792117626722447,-0.2599858426417008,0.25789294616919406,1.83284986527725e-09,1.0,0.9845429716938664
1.2,0.025,-0.7932659495418133,-0.27689987258915805,0.2580959459471398,0.00019069788636341954,1.00125,0.985317952194887
1.2,0.05,-0.8068032578505411,-0.2927655767156523,0.2586092966763761,0.0007613456190352089,1.005,0.9872777415570666
1.2,0.075,-0.8198334372572934,-0.30751612810279816,0.2594695018324911,0.001707627837928078,1.01125,0.9905616969860461
1.2,0.1,-0.8332040501019407,-0.3211740811859099,0.26150672558014004,0.003022376343931183,1.02,0.9983390881567209
1.2,0.125,-0.8461446689082648,-0.33350521192645766,0.26395225420539015,0.004695613485911568,1.03125,1.0076752412226777
1.2,0.15,-0.8586829096276783,-0.3443968289026238,0.2668448500776733,0.0067146112818335275,1.045,1.018718137037822
1.2,0.175,-0.8708556102639489,-0.3537152860973656,0.2702267967321621,0.009063970493822108,1.06125,1.031629199006675
1.2,0.2,-0.8827071241478055,-0.3612906271744409,0.2741457124223597,0.011725719312656094,1.08,1.046590216579112
1.3,0.0,-0.7387572844653805,-0.29404682875723703,0.2569818167944025,1.977131364690916e-09,1.0,0.9810646058231445
1.3,0.025,-0.7536186727358279,-0.3123442355067428,0.2568639456001954,0.00019069794672703147,1.00125,0.9806146157883427
1.3,0.05,-0.7683756011036225,-0.3298542658264255,0.25743960456761883,0.0007613456313061671,1.005,0.9828122757045527
1.3,0.075,-0.7826299595144417,-0.3464125631918655,0.2583559329129344,0.001707627827944899,1.01125,0.9863104893840863
1.3,0.1,-0.7968690875102111,-0.3620441665565651,0.26002699109841776,0.0030223763274460904,1.02,0.9926899914846585
1.3,0.125,-0.811624807141889,-0.3766960497341834,0.26286477124396995,0.0046956134688253765,1.03125,1.0035236204730327
1.3,0.15,-0.8250632724102714,-0.3899609581463779,0.2653877263578686,0.006714611265688888,1.045,1.0131553601626417
1.3,0.175,-0.8391280284816626,-0.40189986710153874,0.26916092755107474,0.009063970480361809,1.06125,1.0275600919350292
1.3,0.2,-0.8529246215111294,-0.41218292184969135,0.27347584030853345,0.011725719306435683,1.08,1.044032884587687
1.4,0.0,-0.6941352151461434,-0.3267582017653287,0.2559176801376893,2.1598765925842935e-09,1.0,0.9770021129095094
1.4,0.025,-0.7101636518214446,-0.3464730513585186,0.25585610466821024,0.0001906980215839311,1.00125,0.9767670398041575
1.4,0.05,-0.7261297024212006,-0.3656139822480698,0.25646101290018475,0.0007613456510643036,1.005,0.9790763629444638
1.4,0.075,-0.7415947740402042,-0.3839759052961192,0.2574015200198395,0.0017076278227473394,1.01125,0.9826668825311322
1.4,0.1,-0.7570992059336185,-0.4016374813854469,0.2590728946174972,0.0030223763131339457,1.02,0.9890475925801461
1.4,0.125,-0.7721926143114799,-0.4183700710329952,0.26114879411349745,0.004695613456087103,1.03125,0.9969726339164415
1.4,0.15,-0.7879794640178035,-0.4342944325776335,0.26438814838638686,0.006714611251766447,1.045,1.0093393292044444
1.4,0.175,-0.8034895152066214,-0.4489758515885288,0.2681177890893159,0.00906397046925925,1.06125,1.0235777626147289
1.4,0.2,-0.8182511648342357,-0.46220545391687523,0.2720261185414203,0.011725719301759268,1.08,1.0384983657188132
1.5,0.0,-0.6448180016438108,-0.3568514632036035,0.2545607880904534,2.3995808900524666e-09,1.0,0.971821984688488
1.5,0.025,-0.6619677720476111,-0.3779238076779282,0.2545233423558906,0.00019069812552286778,1.00125,0.9716790302753047
1.5,0.05,-0.6785623072913033,-0.39845083419699084,0.2547831412482598,0.000761345690253019,1.005,0.9726708494674751
1.5,0.075,-0.6957173277018315,-0.41879627831397825,0.2560565903901307,0.001707627826833738,1.01125,0.977532422539024
1.5,0.1,-0.712433168050379,-0.4384929746751962,0.2576938616729664,0.0030223763049214603,1.02,0.9837829383372131
1.5,0.125,-0.72931983424121,-0.45766436251352055,0.26007054411275404,0.004695613444889427,1.03125,0.9928562613062951
1.5,0.15,-0.7458902980761679,-0.47600836622155146,0.26288889772284707,0.0067146112412170425,1.045,1.0036157267348094
1.5,0.175,-0.7627927913865747,-0.4935627038976997,0.266533475382584,0.00906397046065915,1.06125,1.0175294198892253
1.5,0.2,-0.7795415252671506,-0.5099653148956322,0.27071867880931594,0.011725719298060164,1.08,1.033507028738576
