beta,w0,wa,fs8_ratio,chi2,phantom
0.0,-1.2,-1.2,1.0298672321224736,72.98828124999999,True
0.0,-1.2,-1.138,1.0292929217111884,72.43751162574404,True
0.0,-1.2,-1.075,1.0287092689842259,72.25004650297618,True
0.0,-1.2,-1.012,1.0281159704758813,72.42588588169642,True
0.0,-1.2,-0.95,1.0275127071323402,72.96502976190474,True
0.0,-1.2,-0.888,1.0268991432226178,73.86747814360118,True
0.0,-1.2,-0.825,1.0262749250982752,75.13323102678571,True
0.0,-1.2,-0.762,1.0256396797154184,76.76228841145833,True
0.0,-1.2,-0.7,1.0249930133648955,78.75465029761904,True
0.0,-1.2,-0.638,1.0243345099004053,81.11031668526785,True
0.0,-1.2,-0.575,1.023663728994849,83.82928757440476,True
0.0,-1.2,-0.512,1.0229802041434686,86.91156296502976,True
0.0,-1.2,-0.45,1.0222834402560688,90.35714285714285,True
0.0,-1.2,-0.387,1.0215729114771224,94.16602725074405,True
0.0,-1.2,-0.325,1.0208480585398416,98.33821614583334,True
0.0,-1.2,-0.262,1.0201082853836463,102.87370954241071,True
0.0,-1.2,-0.2,1.0193529556873142,107.7725074404762,True
0.0,-1.2,-0.137,1.018581389448678,113.03460984002976,True
0.0,-1.2,-0.075,1.0177928585095846,118.66001674107144,True
0.0,-1.2,-0.012,1.016986580692643,124.6487281436012,True
0.0,-1.2,0.05,1.0161617165046242,131.00074404761907,True
0.0,-1.2,0.113,1.0153173600512218,137.716064453125,True
0.0,-1.2,0.175,1.014452533212836,144.79468936011907,True
0.0,-1.2,0.238,1.0135661779548946,152.2366187686012,True
0.0,-1.2,0.3,1.0126571443166195,160.04185267857147,True
0.0,-1.175,-1.2,1.0283171756908291,63.29706101190478,True
0.0,-1.175,-1.138,1.0277273788222339,62.513776506696445,True
0.0,-1.175,-1.075,1.0271278462761586,62.09379650297621,True
0.0,-1.175,-1.012,1.0265182573504228,62.03712100074407,True
0.0,-1.175,-0.95,1.0258982747130763,62.34375000000002,True
0.0,-1.175,-0.888,1.0252675431009524,63.01368350074408,True
0.0,-1.175,-0.825,1.0246256879817142,64.04692150297622,True
0.0,-1.175,-0.762,1.0239723141354022,65.44346400669646,True
0.0,-1.175,-0.7,1.0233070040815646,67.2033110119048,True
0.0,-1.175,-0.638,1.0226293161986508,69.32646251860123,True
0.0,-1.175,-0.575,1.021938782551163,71.81291852678575,True
0.0,-1.175,-0.512,1.0212349074719593,74.66267903645837,True
0.0,-1.175,-0.45,1.0205171641107362,77.8757440476191,True
0.0,-1.175,-0.387,1.0197849924928424,81.4521135602679,True
0.0,-1.175,-0.325,1.0190377963861468,85.39178757440482,True
0.0,-1.175,-0.262,1.0182749397062865,89.69476609002982,True
0.0,-1.175,-0.2,1.01749574278509,94.36104910714292,True
0.0,-1.175,-0.137,1.016699478399105,99.39063662574411,True
0.0,-1.175,-0.075,1.015885366937808,104.7835286458334,True
0.0,-1.175,-0.012,1.0150525702048458,110.53972516741078,True
0.0,-1.175,0.05,1.0142001863963515,116.65922619047626,True
0.0,-1.175,0.113,1.0133272422435031,123.14203171502984,True
0.0,-1.175,0.175,1.012432685254724,129.9881417410715,True
0.0,-1.175,0.238,1.0115153739571316,137.1975562686013,True
0.0,-1.175,0.3,1.0105740678737591,144.77027529761912,True
0.0,-1.15,-1.2,1.026738684180498,54.53590029761901,True
0.0,-1.15,-1.138,1.0261328702109949,53.52010091145829,True
0.0,-1.15,-1.075,1.025516907833912,52.86760602678568,True
0.0,-1.15,-1.012,1.0248904580340465,52.578415643601154,True
0.0,-1.15,-0.95,1.0242531639803165,52.65252976190473,True
0.0,-1.15,-0.888,1.0236046496433733,53.0899483816964,True
0.0,-1.15,-0.825,1.0229445182662384,53.89067150297616,True
0.0,-1.15,-0.762,1.0222723509165867,55.05469912574402,True
0.0,-1.15,-0.7,1.0215877046303918,56.58203124999998,True
0.0,-1.15,-0.638,1.0208901105834673,58.47266787574402,True
0.0,-1.15,-0.575,1.0201790716017525,60.72660900297617,True
0.0,-1.15,-0.512,1.0194540602921929,63.3438546316964,True
0.0,-1.15,-0.45,1.0187145160546047,66.32440476190474,True
0.0,-1.15,-0.387,1.0179598421155271,69.66825939360118,True
0.0,-1.15,-0.325,1.0171894025842463,73.3754185267857,True
0.0,-1.15,-0.262,1.0164025183011016,77.44588216145831,True
0.0,-1.15,-0.2,1.0155984628503174,81.87965029761904,True
0.0,-1.15,-0.137,1.0147764580388396,86.67672293526785,True
0.0,-1.15,-0.075,1.0139356686401435,91.83710007440476,True
0.0,-1.15,-0.012,1.0130751955298523,97.36078171502976,True
0.0,-1.15,0.05,1.0121940700040661,103.24776785714285,True
0.0,-1.15,0.113,1.0112912454358132,109.49805850074405,True
0.0,-1.15,0.175,1.0103655875239608,116.11165364583333,True
0.0,-1.15,0.238,1.0094158653707015,123.08855329241072,True
0.0,-1.15,0.3,1.0084407377319116,130.42875744047618,True
0.0,-1.125,-1.2,1.0251310221347227,46.704799107142854,True
0.0,-1.125,-1.138,1.0245086386117488,45.45648484002976,True
0.0,-1.125,-1.075,1.0238756734757395,44.571475074404766,True
0.0,-1.125,-1.012,1.0232317682944203,44.04976981026786,True
0.0,-1.125,-0.95,1.0225765454536675,43.89136904761906,True
0.0,-1.125,-0.888,1.0219096067244158,44.096272786458336,True
0.0,-1.125,-0.825,1.0212305317244157,44.66448102678572,True
0.0,-1.125,-0.762,1.0205388761786516,45.5959937686012,True
0.0,-1.125,-0.7,1.0198341699310942,46.89081101190477,True
0.0,-1.125,-0.638,1.0191159149382636,48.548932756696445,True
0.0,-1.125,-0.575,1.0183835828399928,50.57035900297621,True
0.0,-1.125,-0.512,1.0176366123120066,52.95508975074407,True
0.0,-1.125,-0.45,1.0168744062225141,55.70312500000003,True
0.0,-1.125,-0.387,1.0160963286375415,58.814464750744065,True
0.0,-1.125,-0.325,1.0153017008002707,62.28910900297622,True
0.0,-1.125,-0.262,1.0144897970979392,66.12705775669646,True
0.0,-1.125,-0.2,1.013659840818898,70.32831101190479,True
0.0,-1.125,-0.137,1.0128109988806877,74.89286876860123,True
0.0,-1.125,-0.075,1.0119423753071461,79.82073102678575,True
0.0,-1.125,-0.012,1.0110530054011175,85.11189778645837,True
0.0,-1.125,0.05,1.0101418482585034,90.76636904761908,True
0.0,-1.125,0.113,1.009207776501495,96.7841448102679,True
0.0,-1.125,0.175,1.0082495680347274,103.16522507440482,True
0.0,-1.125,0.238,1.007265892657743,109.90960984002982,True
0.0,-1.125,0.3,1.0062553004573493,117.0172991071429,True
0.0,-1.1,-1.2,1.023493430428886,39.80375744047615,True
0.0,-1.1,-1.138,1.0228539019982972,38.32292829241067,True
0.0,-1.1,-1.075,1.0222033372123376,37.20540364583329,True
0.0,-1.1,-1.012,1.0215413568841074,36.45118350074401,True
0.0,-1.1,-0.95,1.0208675613024258,36.06026785714281,True
0.0,-1.1,-0.888,1.0201815286114808,36.032656715029724,True
0.0,-1.1,-0.825,1.0194828131629026,36.368350074404724,True
0.0,-1.1,-0.762,1.018770943595088,37.067347935267826,True
0.0,-1.1,-0.7,1.0180454207893985,38.12965029761901,True
0.0,-1.1,-0.638,1.017305715293159,39.5552571614583,True
0.0,-1.1,-0.575,1.0165512653293929,41.34416852678568,True
0.0,-1.1,-0.512,1.015781473282346,43.496384393601154,True
0.0,-1.1,-0.45,1.0149957029206205,46.01190476190473,True
0.0,-1.1,-0.387,1.014193275897821,48.890729631696395,True
0.0,-1.1,-0.325,1.0133734674685226,52.132859002976154,True
0.0,-1.1,-0.262,1.0125355021222164,55.738292875744015,True
0.0,-1.1,-0.2,1.011678548600307,59.70703124999997,True
0.0,-1.1,-0.137,1.0108017142321417,64.03907412574402,True
0.0,-1.1,-0.075,1.0099040384824898,68.73442150297616,True
0.0,-1.1,-0.012,1.0089844846051899,73.7930733816964,True
0.0,-1.1,0.05,1.0080419327821946,79.21502976190473,True
0.0,-1.1,0.113,1.007075168986736,85.00029064360116,True
0.0,-1.1,0.175,1.0060828741067562,91.1488560267857,True
0.0,-1.1,0.238,1.0050636112593394,97.6607259114583,True
0.0,-1.1,0.3,1.004015809618578,104.53590029761902,True
0.0,-1.075,-1.2,1.0218251252603676,33.83277529761904,True
0.0,-1.075,-1.138,1.0211678526730739,32.11943126860118,True
0.0,-1.075,-1.075,1.0204990661766522,30.769391741071416,True
0.0,-1.075,-1.012,1.0198183645121537,29.782656715029752,True
0.0,-1.075,-0.95,1.019125324395188,29.15922619047618,True
0.0,-1.075,-0.888,1.01841949879071,28.899100167410708,True
0.0,-1.075,-0.825,1.0177004150696243,29.002278645833325,True
0.0,-1.075,-0.762,1.0169675729337904,29.46876162574404,True
0.0,-1.075,-0.7,1.016220442151397,30.298549107142854,True
0.0,-1.075,-0.638,1.0154584600747263,31.49164109002976,True
0.0,-1.075,-0.575,1.014681028622373,33.048037574404766,True
0.0,-1.075,-0.512,1.0138875113996355,34.967738560267854,True
0.0,-1.075,-0.45,1.0130772302597948,37.25074404761905,True
0.0,-1.075,-0.387,1.0122494611825983,39.897054036458336,True
0.0,-1.075,-0.325,1.0114034298172547,42.906668526785715,True
0.0,-1.075,-0.262,1.0105383069029708,46.2795875186012,True
0.0,-1.075,-0.2,1.0096532025715586,50.015811011904766,True
0.0,-1.075,-0.137,1.008747159243584,54.11533900669644,True
0.0,-1.075,-0.075,1.0078191461170125,58.578171502976204,True
0.0,-1.075,-0.012,1.0068680493639022,63.40430850074406,True
0.0,-1.075,0.05,1.0058926627596856,68.59375000000001,True
0.0,-1.075,0.113,1.0048916779879127,74.14649600074407,True
0.0,-1.075,0.175,1.0038636702284407,80.0625465029762,True
0.0,-1.075,0.238,1.0028070855804154,86.34190150669644,True
0.0,-1.075,0.3,1.0017202210653573,92.98456101190479,True
0.0,-1.05,-1.2,1.0201252973426542,28.79185267857143,True
0.0,-1.05,-1.138,1.0194496563136324,26.845993768601193,True
0.0,-1.05,-1.075,1.0187619996544386,25.263439360119055,True
0.0,-1.05,-1.012,1.0180619027126097,24.044189453125007,True
0.0,-1.05,-0.95,1.0173489170450498,23.188244047619058,True
0.0,-1.05,-0.888,1.0166225687513353,22.6956031436012,True
0.0,-1.05,-0.825,1.0158823563510246,22.56626674107144,True
0.0,-1.05,-0.762,1.0151277487145833,22.800234840029777,True
0.0,-1.05,-0.7,1.0143581822046763,23.397507440476208,True
0.0,-1.05,-0.638,1.0135730585202825,24.358084542410733,True
0.0,-1.05,-0.575,1.0127717409262476,25.681966145833353,True
0.0,-1.05,-0.512,1.0119535513167923,27.36915225074407,True
0.0,-1.05,-0.45,1.011117766328758,29.419642857142883,True
0.0,-1.05,-0.387,1.0102636128668325,31.83343796502979,True
0.0,-1.05,-0.325,1.0093902632833969,34.610537574404795,True
0.0,-1.05,-0.262,1.008496830159378,37.75094168526789,True
0.0,-1.05,-0.2,1.0075823600949065,41.25465029761908,True
0.0,-1.05,-0.137,1.0066458261091762,45.12166341145837,True
0.0,-1.05,-0.075,1.0056861205081489,49.35198102678575,True
0.0,-1.05,-0.012,1.0047020451506201,53.94560314360123,True
0.0,-1.05,0.05,1.003692301110549,58.90252976190481,True
0.0,-1.05,0.113,1.002655476208217,64.22276088169647,True
0.0,-1.05,0.175,1.001590031489507,69.90629650297625,True
0.0,-1.05,0.238,1.0004942834143746,75.9531366257441,True
0.0,-1.05,0.3,0.9993663857136591,82.36328125000006,True
0.0,-1.025,-1.2,1.0183931109756135,24.680989583333314,True
0.0,-1.025,-1.138,1.0176984507863518,22.502615792410698,True
0.0,-1.025,-1.075,1.0169912480080996,20.687546502976172,True
0.0,-1.025,-1.012,1.0162710527434808,19.235781715029745,True
0.0,-1.025,-0.95,1.0155373898246667,18.147321428571413,True
0.0,-1.025,-0.888,1.0147897566315036,17.422165643601176,True
0.0,-1.025,-0.825,1.0140276209414236,17.060314360119033,True
0.0,-1.025,-0.762,1.0132504185091227,17.061767578124982,True
0.0,-1.025,-0.7,1.0124575502045055,17.426525297619033,True
0.0,-1.025,-0.638,1.0116483792089073,18.154587518601176,True
0.0,-1.025,-0.575,1.0108222275043979,19.245954241071416,True
0.0,-1.025,-0.512,1.009978372093123,20.700625465029752,True
0.0,-1.025,-0.45,1.0091160410322113,22.51860119047618,True
0.0,-1.025,-0.387,1.0082344083975632,24.6998814174107,True
0.0,-1.025,-0.325,1.007332589057413,27.244466145833325,True
0.0,-1.025,-0.262,1.0064096327982328,30.15235537574404,True
0.0,-1.025,-0.2,1.0054645175371584,33.423549107142854,True
0.0,-1.025,-0.137,1.0044961408642443,37.05804734002976,True
0.0,-1.025,-0.075,1.003503311971975,41.05585007440475,True
0.0,-1.025,-0.012,1.0024847416184068,45.416957310267854,True
0.0,-1.025,0.05,1.0014390289198893,50.141369047619044,True
0.0,-1.025,0.113,1.0003646494458869,55.229085286458336,True
0.0,-1.025,0.175,0.9992599381014509,60.680106026785715,True
0.0,-1.025,0.238,0.9981230705632583,66.49443126860119,True
0.0,-1.025,0.3,0.9969520426344666,72.67206101190476,True
0.0,-1.0,-1.2,1.0166277027818305,21.500186011904752,False
0.0,-1.0,-1.138,1.0159133455087161,19.089297340029756,False
0.0,-1.0,-1.075,1.0151858915312053,17.04171316964285,False
0.0,-1.0,-1.012,1.0144448643975446,15.357433500744044,False
0.0,-1.0,-0.95,1.0136897603339303,14.036458333333332,False
0.0,-1.0,-0.888,1.0129200459910819,13.078787667410714,False
0.0,-1.0,-0.825,1.0121351563506022,12.484421502976192,False
0.0,-1.0,-0.762,1.011334491741172,12.253359840029763,False
0.0,-1.0,-0.7,1.010517414975404,12.385602678571432,False
0.0,-1.0,-0.638,1.009683248078873,12.881150018601193,False
0.0,-1.0,-0.575,1.008831268477977,13.740001860119053,False
0.0,-1.0,-0.512,1.007960705193689,14.962158203125007,False
0.0,-1.0,-0.45,1.0070707338796698,16.547619047619058,False
0.0,-1.0,-0.387,1.006160471642781,18.4963843936012,False
0.0,-1.0,-0.325,1.0052289714317095,20.80845424107144,False
0.0,-1.0,-0.262,1.0042752153199752,23.483828590029773,False
0.0,-1.0,-0.2,1.0032981064368058,26.522507440476204,False
0.0,-1.0,-0.137,1.0022964608567264,29.92449079241073,False
0.0,-1.0,-0.075,1.0012689983159972,33.68977864583335,False
0.0,-1.0,-0.012,1.0002143292721875,37.818371000744065,False
0.0,-1.0,0.05,0.9991309426238849,42.310267857142875,False
0.0,-1.0,0.113,0.9980171904741654,47.16546921502979,False
0.0,-1.0,0.175,0.9968712704736771,52.38397507440479,False
0.0,-1.0,0.238,0.995691204400062,57.96578543526788,False
0.0,-1.0,0.3,0.9944748133021486,63.91090029761908,False
0.0,-0.975,-1.2,1.0148281812848263,19.249441964285705,False
0.0,-0.975,-1.138,1.0140934199327813,16.606038411458325,False
0.0,-0.975,-1.075,1.0133449793953955,14.32593936011904,False
0.0,-0.975,-1.012,1.0125823547665158,12.40914481026785,False
0.0,-0.975,-0.95,1.0118050117617454,10.855654761904756,False
0.0,-0.975,-0.888,1.0110123842896834,9.665469215029757,False
0.0,-0.975,-0.825,1.0102038721821636,8.838588169642852,False
0.0,-0.975,-0.762,1.0093788378661515,8.375011625744046,False
0.0,-0.975,-0.7,1.0085366033462697,8.27473958333333,False
0.0,-0.975,-0.638,1.007676446526823,8.537772042410714,False
0.0,-0.975,-0.575,1.0067975971266097,9.16410900297619,False
0.0,-0.975,-0.512,1.0058992323280385,10.153750465029763,False
0.0,-0.975,-0.45,1.0049804714784991,11.50669642857143,False
0.0,-0.975,-0.387,1.004040370372189,13.222946893601193,False
0.0,-0.975,-0.325,1.0030779150228706,15.302501860119051,False
0.0,-0.975,-0.262,1.0020920139804963,17.745361328125004,False
0.0,-0.975,-0.2,1.0010814903692935,20.551525297619055,False
0.0,-0.975,-0.137,1.0000450714296247,23.7209937686012,False
0.0,-0.975,-0.075,0.9989813786956864,27.253766741071438,False
0.0,-0.975,-0.012,0.9978889143731772,31.149844215029773,False
0.0,-0.975,0.05,0.9967660471360645,35.409226190476204,False
0.0,-0.975,0.113,0.995610994661308,40.03191266741073,False
0.0,-0.975,0.175,0.9944218037485282,45.01790364583335,False
0.0,-0.975,0.238,0.9931963267497118,50.367199125744065,False
0.0,-0.975,0.3,0.9919321926589506,56.079799107142875,False
0.0,-0.95,-1.2,1.0129936252642004,17.928757440476183,False
0.0,-0.95,-1.138,1.0122377226816384,15.05283900669642,False
0.0,-0.95,-1.075,1.0114675283390049,12.540225074404756,False
0.0,-0.95,-1.012,1.0106825069672585,10.390915643601183,False
0.0,-0.95,-0.95,1.0098820916662785,8.604910714285708,False
0.0,-0.95,-0.888,1.0090656814843317,7.182210286458327,False
0.0,-0.95,-0.825,1.00823263851272,6.122814360119041,False
0.0,-0.95,-0.762,1.0073822846680407,5.426722935267851,False
0.0,-0.95,-0.7,1.0065138982270898,5.0939360119047565,False
0.0,-0.95,-0.638,1.0056267096462774,5.124453590029757,False
0.0,-0.95,-0.575,1.0047198974900227,5.518275669642854,False
0.0,-0.95,-0.512,1.003792583158251,6.275402250744045,False
0.0,-0.95,-0.45,1.0028438252827419,7.395833333333331,False
0.0,-0.95,-0.387,1.0018726136455167,8.879568917410714,False
0.0,-0.95,-0.325,1.0008778619559164,10.726609002976192,False
0.0,-0.95,-0.262,0.9998583991259967,12.936953590029763,False
0.0,-0.95,-0.2,0.9988129612430133,15.51060267857143,False
0.0,-0.95,-0.137,0.9977401797133492,18.447556268601193,False
0.0,-0.95,-0.075,0.9966385694628684,21.74781436011905,False
0.0,-0.95,-0.012,0.9955065146780279,25.411376953125004,False
0.0,-0.95,0.05,0.9943422522859333,29.438244047619055,False
0.0,-0.95,0.113,0.9931438533583588,33.8284156436012,False
0.0,-0.95,0.175,0.9919091989278005,38.58189174107144,False
0.0,-0.95,0.238,0.9906359555131773,43.698672340029766,False
0.0,-0.95,0.3,0.9893215410587525,49.178757440476204,False
0.0,-0.925,-1.2,1.011123082906882,17.538132440476186,False
0.0,-0.925,-1.138,1.0103452702488085,14.429699125744044,False
0.0,-0.925,-1.075,1.0095525214893004,11.684570312499996,False
0.0,-0.925,-1.012,1.008744268886958,9.302746000744044,False
0.0,-0.925,-0.95,1.007919910598232,7.284226190476189,False
0.0,-0.925,-0.888,1.007078808488018,5.629010881696428,False
0.0,-0.925,-0.825,1.00622028432679,4.337100074404763,False
0.0,-0.925,-0.762,1.005343616579906,3.408493768601193,False
0.0,-0.925,-0.7,1.0044480365920376,2.8431919642857175,False
0.0,-0.925,-0.638,1.0035327240459058,2.6411946614583375,False
0.0,-0.925,-0.575,1.0025968022994496,2.8025018601190532,False
0.0,-0.925,-0.512,1.0016393327895543,3.327113560267864,False
0.0,-0.925,-0.45,1.0006593088311668,4.215029761904771,False
0.0,-0.925,-0.387,0.9996556488129061,5.466250465029772,False
0.0,-0.925,-0.325,0.9986271882702555,7.080775669642868,False
0.0,-0.925,-0.262,0.9975726704450542,9.058605375744062,False
0.0,-0.925,-0.2,0.9964907365715295,11.399739583333348,False
0.0,-0.925,-0.137,0.9953799136994378,14.104178292410731,False
0.0,-0.925,-0.075,0.994238601044474,17.171921502976208,False
0.0,-0.925,-0.012,0.99306505409062,20.602969215029784,False
0.0,-0.925,0.05,0.9918573665387499,24.39732142857145,False
0.0,-0.925,0.113,0.9906134478201197,28.554978143601215,False
0.0,-0.925,0.175,0.9893309984694378,33.07593936011907,False
0.0,-0.925,0.238,0.9880074794991252,37.96020507812503,False
0.0,-0.925,0.3,0.986640076402033,43.20777529761908,False
0.0,-0.9,-1.2,1.0092155707295372,18.077566964285715,False
0.0,-0.9,-1.138,1.0084150460002248,14.73661876860119,False
0.0,-0.9,-1.075,1.007598907046973,11.758975074404761,False
0.0,-0.9,-1.012,1.0067665514486304,9.144635881696427,False
0.0,-0.9,-0.95,1.005917340411603,6.893601190476188,False
0.0,-0.9,-0.888,1.0050505955645128,5.005871000744045,False
0.0,-0.9,-0.825,1.0041655957342317,3.481445312499997,False
0.0,-0.9,-0.762,1.003261572831893,2.3203241257440443,False
0.0,-0.9,-0.7,1.002337707807484,1.522507440476187,False
0.0,-0.9,-0.638,1.0013931257026583,1.0879952566964248,False
0.0,-0.9,-0.575,1.0004268906453844,1.0167875744047579,False
0.0,-0.9,-0.512,0.999437999472735,1.3088843936011865,False
0.0,-0.9,-0.45,0.9984253750595499,1.9642857142857102,False
0.0,-0.9,-0.387,0.9973878587059806,2.9829915364583295,False
0.0,-0.9,-0.325,0.9963242014319748,4.365001860119044,False
0.0,-0.9,-0.262,0.9952330534624844,6.110316685267853,False
0.0,-0.9,-0.2,0.9941129532645736,8.218936011904757,False
0.0,-0.9,-0.137,0.9929623149683355,10.690859840029757,False
0.0,-0.9,-0.075,0.9917794114208448,13.526088169642854,False
0.0,-0.9,-0.012,0.9905623577802457,16.724621000744044,False
0.0,-0.9,0.05,0.989309090592692,20.286458333333332,False
0.0,-0.9,0.113,0.9880173427338664,24.21160016741071,False
0.0,-0.9,0.175,0.9866846163181054,28.50004650297619,False
0.0,-0.9,0.238,0.9853081465716329,33.15179734002976,False
0.0,-0.9,0.3,0.9838848622652603,38.16685267857143,False
0.0,-0.875,-1.2,1.0072700721921497,19.54706101190476,False
0.0,-0.875,-1.138,1.006445998649605,15.973597935267852,False
0.0,-0.875,-1.075,1.0056055970723266,12.763439360119046,False
0.0,-0.875,-1.012,1.0047482278795852,9.91658528645833,False
0.0,-0.875,-0.95,1.0038732128690535,7.433035714285712,False
0.0,-0.875,-0.888,1.0029798308599087,5.312790643601188,False
0.0,-0.875,-0.825,1.0020673143498378,3.55585007440476,False
0.0,-0.875,-0.762,1.0011348455479874,2.162214006696427,False
0.0,-0.875,-0.7,1.0001815511623695,1.1318824404761894,False
0.0,-0.875,-0.638,0.999206497772861,0.46485537574404706,False
0.0,-0.875,-0.575,0.998208685573649,0.16113281250000006,False
0.0,-0.875,-0.512,0.9971870418145862,0.22071475074404828,False
0.0,-0.875,-0.45,0.996140413429485,0.6436011904761918,False
0.0,-0.875,-0.387,0.9950675585352251,1.4297921316964306,False
0.0,-0.875,-0.325,0.993967136348738,2.5792875744047645,False
0.0,-0.875,-0.262,0.9928376964558303,4.092087518601194,False
0.0,-0.875,-0.2,0.9916776664867586,5.968191964285719,False
0.0,-0.875,-0.137,0.9904853366859694,8.20760091145834,False
0.0,-0.875,-0.075,0.9892588424574492,10.810314360119053,False
0.0,-0.875,-0.012,0.9879961459556964,13.776332310267865,False
0.0,-0.875,0.05,0.9866950117390559,17.10565476190477,False
0.0,-0.875,0.113,0.9853529799961881,20.79828171502977,False
0.0,-0.875,0.175,0.9839673334462001,24.85421316964287,False
0.0,-0.875,0.238,0.9825350584465379,29.273449125744058,False
0.0,-0.875,0.3,0.9810527999318268,34.05598958333335,False
0.0,-0.85,-1.2,1.005285536909931,21.946614583333332,False
0.0,-0.85,-1.138,1.0044370411113324,18.140636625744047,False
0.0,-0.85,-1.075,1.0035714656383012,14.697963169642858,False
0.0,-0.85,-1.012,1.0026881315294207,11.618594215029761,False
0.0,-0.85,-0.95,1.0017863179656823,8.902529761904761,False
0.0,-0.85,-0.888,1.0008652582719053,6.549769810267857,False
0.0,-0.85,-0.825,0.9999241352398663,4.560314360119047,False
0.0,-0.85,-0.762,0.9989620776148865,2.9341634114583326,False
0.0,-0.85,-0.7,0.9979781541523158,1.671316964285714,False
0.0,-0.85,-0.638,0.9969713682581816,0.7717750186011901,False
0.0,-0.85,-0.575,0.9959406514662459,0.23553757440476178,False
0.0,-0.85,-0.512,0.9948848560583754,0.06260463169642867,False
0.0,-0.85,-0.45,0.9938027469274389,0.2529761904761909,False
0.0,-0.85,-0.387,0.9926929920465436,0.8066522507440483,False
0.0,-0.85,-0.325,0.9915541519441244,1.7236328125000013,False
0.0,-0.85,-0.262,0.9903846668146926,3.0039178757440497,False
0.0,-0.85,-0.2,0.9891828431056008,4.6475074404761925,False
0.0,-0.85,-0.137,0.9879468365111442,6.6544015066964315,False
0.0,-0.85,-0.075,0.9866746335580509,9.024600074404765,False
0.0,-0.85,-0.012,0.985364028449806,11.758103143601193,False
0.0,-0.85,0.05,0.9840125977441584,14.854910714285719,False
0.0,-0.85,0.113,0.9826176692722537,18.31502278645834,False
0.0,-0.85,0.175,0.9811762848241966,22.138439360119055,False
0.0,-0.85,0.238,0.979685156769783,26.32516043526786,False
0.0,-0.85,0.3,0.9781406161997923,30.87518601190477,False
0.0,-0.825,-1.2,1.003260878866191,25.276227678571434,False
0.0,-0.825,-1.138,1.0023870491464186,21.237734840029766,False
0.0,-0.825,-1.075,1.001495348035101,17.562546502976197,False
0.0,-0.825,-1.012,1.0005850546715458,14.250662667410719,False
0.0,-0.825,-0.95,0.9996554026470718,11.302083333333336,False
0.0,-0.825,-0.888,0.9987055760336728,8.716808500744051,False
0.0,-0.825,-0.825,0.9977347051677337,6.494838169642859,False
0.0,-0.825,-0.762,0.9967418609199942,4.6361723400297645,False
0.0,-0.825,-0.7,0.9957260498683477,3.1408110119047636,False
0.0,-0.825,-0.638,0.9946862075620798,2.008754185267859,False
0.0,-0.825,-0.575,0.9936211915230538,1.240001860119049,False
0.0,-0.825,-0.512,0.9925297732203215,0.8345540364583347,False
0.0,-0.825,-0.45,0.9914106289978507,0.7924107142857156,False
0.0,-0.825,-0.387,0.9902623292135371,1.1135718936011918,False
0.0,-0.825,-0.325,0.9890833272429909,1.7980375744047632,False
0.0,-0.825,-0.262,0.9878719448634884,2.8458077566964297,False
0.0,-0.825,-0.2,0.9866263571800455,4.256882440476192,False
0.0,-0.825,-0.137,0.9853445733188592,6.031261625744049,False
0.0,-0.825,-0.075,0.9840244164537444,8.168945312500002,False
0.0,-0.825,-0.012,0.9826634978852423,10.66993350074405,False
0.0,-0.825,0.05,0.9812591877171774,13.534226190476193,False
0.0,-0.825,0.113,0.9798085806027464,16.76182338169643,False
0.0,-0.825,0.175,0.9783084538640994,20.352725074404766,False
0.0,-0.825,0.238,0.9767552169400098,24.306931268601193,False
0.0,-0.825,0.3,0.975144851420238,28.62444196428572,False
0.0,-0.8,-1.2,1.0011949754476086,29.53590029761904,False
0.0,-0.8,-1.138,1.0002948600436241,25.26489257812499,False
0.0,-0.8,-1.075,0.9993760390576745,21.357189360119037,False
0.0,-0.8,-1.012,0.9984377466754113,17.812790643601183,False
0.0,-0.8,-0.95,0.9974791682427643,14.631696428571422,False
0.0,-0.8,-0.888,0.996499434944872,11.813906715029754,False
0.0,-0.8,-0.825,0.9954976203688833,9.359421502976183,False
0.0,-0.8,-0.762,0.994472733857735,7.268240792410707,False
0.0,-0.8,-0.7,0.9934237148364814,5.540364583333326,False
0.0,-0.8,-0.638,0.9923494259098573,4.175792875744041,False
0.0,-0.8,-0.575,0.9912486448982517,3.1745256696428514,False
0.0,-0.8,-0.512,0.9901200560197329,2.5365629650297565,False
0.0,-0.8,-0.45,0.9889622398766897,2.2619047619047574,False
0.0,-0.8,-0.387,0.9877736615983741,2.350551060267853,False
0.0,-0.8,-0.325,0.9865526580518935,2.8025018601190443,False
0.0,-0.8,-0.262,0.9852974221997676,3.617757161458331,False
0.0,-0.8,-0.2,0.984005986538642,4.796316964285713,False
0.0,-0.8,-0.137,0.9826762005313396,6.33818126860119,False
0.0,-0.8,-0.075,0.9813057091071029,8.243350074404763,False
0.0,-0.8,-0.012,0.9798919231060824,10.51182338169643,False
0.0,-0.8,0.05,0.9784319867197654,13.143601190476192,False
0.0,-0.8,0.113,0.9769227380209401,16.13868350074405,False
0.0,-0.8,0.175,0.975360661866725,19.497070312500004,False
0.0,-0.8,0.238,0.9737418327662352,23.218761625744055,False
0.0,-0.8,0.3,0.9720618473973057,27.303757440476197,False
0.0,-0.775,-1.2,0.9990866659798331,34.72563244047621,False
0.0,-0.775,-1.138,0.9981592707566281,30.22210984002978,False
0.0,-0.775,-1.075,0.9972122911625605,26.08189174107145,False
0.0,-0.775,-1.012,0.9962449128788228,22.304978143601208,False
0.0,-0.775,-0.95,0.9952562694603154,18.891369047619065,False
0.0,-0.775,-0.888,0.9942454360169872,15.841064453125014,False
0.0,-0.775,-0.825,0.9932114249036211,13.154064360119062,False
0.0,-0.775,-0.762,0.992153179244356,10.830368768601204,False
0.0,-0.775,-0.7,0.9910695665405633,8.869977678571441,False
0.0,-0.775,-0.638,0.9899593707689455,7.272891090029773,False
0.0,-0.775,-0.575,0.9888212838350717,6.039109002976201,False
0.0,-0.775,-0.512,0.987653895771255,5.168631417410723,False
0.0,-0.775,-0.45,0.9864556836847275,4.661458333333342,False
0.0,-0.775,-0.387,0.9852249986095774,4.517589750744055,False
0.0,-0.775,-0.325,0.9839600511433026,4.737025669642865,False
0.0,-0.775,-0.262,0.9826588950742355,5.319766090029769,False
0.0,-0.775,-0.2,0.9813194062022207,6.265811011904768,False
0.0,-0.775,-0.137,0.9799392610222978,7.575160435267863,False
0.0,-0.775,-0.075,0.978515909175252,9.247814360119053,False
0.0,-0.775,-0.012,0.9770465419354956,11.283772786458337,False
0.0,-0.775,0.05,0.9755280556619893,13.683035714285719,False
0.0,-0.775,0.113,0.9739570061565704,16.445603143601193,False
0.0,-0.775,0.175,0.9723295561807648,19.571475074404766,False
0.0,-0.775,0.238,0.9706414095499105,23.060651506696434,False
0.0,-0.775,0.3,0.9688877337927447,26.913132440476193,False
0.0,-0.75,-1.2,0.9969347504767002,40.84542410714286,False
0.0,-0.75,-1.138,0.9959790372537641,36.10938662574405,False
0.0,-0.75,-1.075,0.9950028131348554,31.736653645833336,False
0.0,-0.75,-1.012,0.9940052123811188,27.727225167410715,False
0.0,-0.75,-0.95,0.9929853125529752,24.08110119047619,False
0.0,-0.75,-0.888,0.9919421288197087,20.798281715029763,False
0.0,-0.75,-0.825,0.9908746079320483,17.878766741071427,False
0.0,-0.75,-0.762,0.9897816219682881,15.322556268601188,False
0.0,-0.75,-0.7,0.9886619608680588,13.129650297619046,False
0.0,-0.75,-0.638,0.9875143240266879,11.300048828124998,False
0.0,-0.75,-0.575,0.9863373106484601,9.833751860119046,False
0.0,-0.75,-0.512,0.9851294091298236,8.730759393601188,False
0.0,-0.75,-0.45,0.9838889844136897,7.991071428571427,False
0.0,-0.75,-0.387,0.9826142640179,7.614687965029759,False
0.0,-0.75,-0.325,0.981303322050968,7.601609002976188,False
0.0,-0.75,-0.262,0.9799540598909671,7.951834542410713,False
0.0,-0.75,-0.2,0.9785641838213823,8.665364583333332,False
0.0,-0.75,-0.137,0.9771311808394304,9.742199125744046,False
0.0,-0.75,-0.075,0.9756522872904614,11.182338169642856,False
0.0,-0.75,-0.012,0.9741244544462153,12.985781715029761,False
0.0,-0.75,0.05,0.972544305516507,15.152529761904761,False
0.0,-0.75,0.113,0.970908085135961,17.682582310267858,False
0.0,-0.75,0.175,0.9692116010164373,20.575939360119047,False
0.0,-0.75,0.238,0.9674501462527831,23.832600911458336,False
0.0,-0.75,0.3,0.9656184129989419,27.452566964285715,False
0.0,-0.725,-1.2,0.9947379877963447,47.895275297619065,False
0.0,-0.725,-1.138,0.9937528721746296,42.92672293526787,False
0.0,-0.725,-1.075,0.9927462681399825,38.32147507440477,False
0.0,-0.725,-1.012,0.991717256005338,34.079531715029766,False
0.0,-0.725,-0.95,0.9906648527960563,30.20089285714287,False
0.0,-0.725,-0.888,0.9895880092333118,26.685558500744055,False
0.0,-0.725,-0.825,0.9884856019765539,23.53352864583334,False
0.0,-0.725,-0.762,0.987356426526125,20.74480329241072,False
0.0,-0.725,-0.7,0.9861991895163631,18.319382440476193,False
0.0,-0.725,-0.638,0.9850124991752223,16.257266090029766,False
0.0,-0.725,-0.575,0.9837948545839378,14.55845424107143,False
0.0,-0.725,-0.512,0.9825446343002963,13.222946893601192,False
0.0,-0.725,-0.45,0.9812600822758883,12.250744047619051,False
0.0,-0.725,-0.387,0.9799392920053539,11.641845703125002,False
0.0,-0.725,-0.325,0.9785801888766721,11.39625186011905,False
0.0,-0.725,-0.262,0.9771805087489853,11.513962518601192,False
0.0,-0.725,-0.2,0.9757377736823386,11.99497767857143,False
0.0,-0.725,-0.137,0.974249263218292,12.839297340029763,False
0.0,-0.725,-0.075,0.9727119806762654,14.046921502976192,False
0.0,-0.725,-0.012,0.9711226134129457,15.617850167410715,False
0.0,-0.725,0.05,0.969477484765554,17.552083333333332,False
0.0,-0.725,0.113,0.9677724972719726,19.849621000744047,False
0.0,-0.725,0.175,0.9660030646590942,22.510463169642858,False
0.0,-0.725,0.238,0.9641640260336581,25.534609840029763,False
0.0,-0.725,0.3,0.9622495439684264,28.922061011904763,False
0.0,-0.7,-1.2,0.9924950950792352,55.87518601190478,False
0.0,-0.7,-1.138,0.991479443578651,50.67411876860121,False
0.0,-0.7,-1.075,0.9904412733307428,45.83635602678574,False
0.0,-0.7,-1.012,0.9893796051709777,41.36189778645835,False
0.0,-0.7,-0.95,0.9882933929119108,37.250744047619065,False
0.0,-0.7,-0.888,0.987181517584089,33.502894810267875,False
0.0,-0.7,-0.825,0.9860427802725081,30.118350074404777,False
0.0,-0.7,-0.762,0.9848758944952546,27.097109840029773,False
0.0,-0.7,-0.7,0.9836794771894288,24.43917410714287,False
0.0,-0.7,-0.638,0.9824520380926656,22.144542875744058,False
0.0,-0.7,-0.575,0.9811919685769479,20.213216145833343,False
0.0,-0.7,-0.512,0.9798975281556415,18.645193917410722,False
0.0,-0.7,-0.45,0.9785668296540999,17.4404761904762,False
0.0,-0.7,-0.387,0.9771978214332746,16.59906296502977,False
0.0,-0.7,-0.325,0.9757882675350646,16.120954241071434,False
0.0,-0.7,-0.262,0.974335723605427,16.006150018601197,False
0.0,-0.7,-0.2,0.972837510505628,16.254650297619055,False
0.0,-0.7,-0.137,0.9712906813757771,16.866455078125004,False
0.0,-0.7,-0.075,0.9696919841914903,17.84156436011905,False
0.0,-0.7,-0.012,0.9680378165942941,19.179978143601193,False
0.0,-0.7,0.05,0.9663241727079349,20.88169642857143,False
0.0,-0.7,0.113,0.9645465772435594,22.946719215029763,False
0.0,-0.7,0.175,0.9627000076540535,25.375046502976193,False
0.0,-0.7,0.238,0.9607788002530688,28.16667829241072,False
0.0,-0.7,0.3,0.9587765281653055,31.32161458333334,False
0.0,-0.675,-1.2,0.9902047450721528,64.78515624999999,False
0.0,-0.675,-1.138,0.9891573728228792,59.35157412574404,False
0.0,-0.675,-1.075,0.9880863957021089,54.281296502976176,False
0.0,-0.675,-1.012,0.986990769894597,49.574323381696416,False
0.0,-0.675,-0.95,0.9858693810683947,45.230654761904745,False
0.0,-0.675,-0.888,0.9847210359630946,41.250290643601176,False
0.0,-0.675,-0.825,0.9835444545496136,37.6332310267857,False
0.0,-0.675,-0.762,0.9823382620863058,34.37947591145832,False
0.0,-0.675,-0.7,0.9811009787921597,31.48902529761903,False
0.0,-0.675,-0.638,0.9798310083950111,28.96187918526784,False
0.0,-0.675,-0.575,0.9785266257096484,26.798037574404745,False
0.0,-0.675,-0.512,0.9771859618464291,24.997500465029745,False
0.0,-0.675,-0.45,0.9758069874472058,23.56026785714284,False
0.0,-0.675,-0.387,0.9743874931710101,22.48633975074403,False
0.0,-0.675,-0.325,0.9729250678207684,21.775716145833314,False
0.0,-0.675,-0.262,0.971417070988748,21.428397042410694,False
0.0,-0.675,-0.2,0.9698606037985169,21.444382440476176,False
0.0,-0.675,-0.137,0.9682524720509211,21.823672340029745,False
0.0,-0.675,-0.075,0.96658914393122,22.566266741071413,False
0.0,-0.675,-0.012,0.9648666989527719,23.672165643601172,False
0.0,-0.675,0.05,0.9630807685962163,25.14136904761903,False
0.0,-0.675,0.113,0.9612264598200224,26.973876953124986,False
0.0,-0.675,0.175,0.9592982697917892,29.169689360119033,False
0.0,-0.675,0.238,0.957289973855233,31.728806268601176,False
0.0,-0.675,0.3,0.9551944903945555,34.651227678571416,False
0.0,-0.65,-1.2,0.9878655650538278,74.62518601190476,False
0.0,-0.65,-1.138,0.9867852349501418,68.95908900669643,False
0.0,-0.65,-1.075,0.9856801523738467,63.65629650297619,False
0.0,-0.65,-1.012,0.9845492062390193,58.716808500744044,False
0.0,-0.65,-0.95,0.9833912084993015,54.14062499999999,False
0.0,-0.65,-0.888,0.9822048863655123,49.927746000744044,False
0.0,-0.65,-0.825,0.9809888724961674,46.07817150297618,False
0.0,-0.65,-0.762,0.9797416971804093,42.59190150669642,False
0.0,-0.65,-0.7,0.9784617764781995,39.46893601190475,False
0.0,-0.65,-0.638,0.9771473997606094,36.70927501860118,False
0.0,-0.65,-0.575,0.9757967158963883,34.31291852678571,False
0.0,-0.65,-0.512,0.974407717049614,32.27986653645832,False
0.0,-0.65,-0.45,0.9729782197708428,30.61011904761904,False
0.0,-0.65,-0.387,0.9715058439135831,29.303676060267847,False
0.0,-0.65,-0.325,0.9699879870412086,28.360537574404752,False
0.0,-0.65,-0.262,0.9684217957031198,27.780703590029752,False
0.0,-0.65,-0.2,0.9668041308856087,27.564174107142847,False
0.0,-0.65,-0.137,0.9651315276917994,27.710949125744037,False
0.0,-0.65,-0.075,0.9634001478546362,28.22102864583332,False
0.0,-0.65,-0.012,0.9616057219533015,29.094412667410705,False
0.0,-0.65,0.05,0.959743480212305,30.33110119047618,False
0.0,-0.65,0.113,0.957808070467657,31.931094215029752,False
0.0,-0.65,0.175,0.9557934554877153,33.894391741071416,False
0.0,-0.65,0.238,0.9536927895563425,36.220993768601176,False
0.0,-0.65,0.3,0.9514982613754439,38.91090029761904,False
0.0,-0.625,-1.2,0.9854761359464836,85.39527529761907,False
0.0,-0.625,-1.138,0.9843615538235523,79.49666341145834,False
0.0,-0.625,-1.075,0.9832210079816326,73.96135602678572,False
0.0,-0.625,-1.012,0.9820533147195344,68.78935314360119,False
0.0,-0.625,-0.95,0.9808572081080579,63.980654761904766,False
0.0,-0.625,-0.888,0.9796313282436787,59.53526088169643,False
0.0,-0.625,-0.825,0.9783742150758646,55.45317150297619,False
0.0,-0.625,-0.762,0.9770842967230978,51.73438662574405,False
0.0,-0.625,-0.7,0.9757598766173304,48.37890625,False
0.0,-0.625,-0.638,0.9743991207508035,45.38673037574405,False
0.0,-0.625,-0.575,0.9730000421131537,42.75785900297618,False
0.0,-0.625,-0.512,0.9715604822463209,40.49229213169642,False
0.0,-0.625,-0.45,0.9700780908129448,38.59002976190475,False
0.0,-0.625,-0.387,0.9685503018154284,37.05107189360118,False
0.0,-0.625,-0.325,0.966974305274661,35.87541852678571,False
0.0,-0.625,-0.262,0.9653470150241065,35.06306966145833,False
0.0,-0.625,-0.2,0.9636650300954321,34.614025297619044,False
0.0,-0.625,-0.137,0.961924589717398,34.52828543526785,False
0.0,-0.625,-0.075,0.9601215188023484,34.80585007440475,False
0.0,-0.625,-0.012,0.9582511632924746,35.44671921502975,False
0.0,-0.625,0.05,0.9563083140054613,36.45089285714285,False
0.0,-0.625,0.113,0.9542871089268103,37.81837100074404,False
0.0,-0.625,0.175,0.9521809204745506,39.54915364583332,False
0.0,-0.625,0.238,0.9499822115392935,41.6432407924107,False
0.0,-0.625,0.3,0.9476823585919453,44.100632440476176,False
0.0,-0.6,-1.2,0.9830349892916597,97.09542410714288,False
0.0,-0.6,-1.138,0.981884802411838,90.96429734002979,False
0.0,-0.6,-1.075,0.9807073727067693,85.19647507440479,False
0.0,-0.6,-1.012,0.9795014389172932,79.79195731026788,False
0.0,-0.6,-0.95,0.9782656506419386,74.75074404761907,False
0.0,-0.6,-0.888,0.9769985559284118,70.07283528645834,False
0.0,-0.6,-0.825,0.9756985943755688,65.75823102678574,False
0.0,-0.6,-0.762,0.9743640836729909,61.806931268601204,False
0.0,-0.6,-0.7,0.972993206650987,58.21893601190477,False
0.0,-0.6,-0.638,0.9715839957303355,54.99424525669644,False
0.0,-0.6,-0.575,0.9701343166313667,52.132859002976204,False
0.0,-0.6,-0.512,0.9686418482749121,49.63477725074406,False
0.0,-0.6,-0.45,0.9671040592034111,47.50000000000001,False
0.0,-0.6,-0.387,0.9655181814653027,45.72852725074405,False
0.0,-0.6,-0.325,0.9638811791833959,44.3203590029762,False
0.0,-0.6,-0.262,0.9621897126025607,43.27549525669644,False
0.0,-0.6,-0.2,0.9604400943848286,42.59393601190476,False
0.0,-0.6,-0.137,0.9586282393349517,42.27568126860119,False
0.0,-0.6,-0.075,0.9567496031729997,42.320731026785715,False
0.0,-0.6,-0.012,0.9547991098023683,42.729085286458336,False
0.0,-0.6,0.05,0.9527710627367434,43.500744047619044,False
0.0,-0.6,0.113,0.9506590393927677,44.635707310267854,False
0.0,-0.6,0.175,0.948455756048387,46.13397507440476,False
0.0,-0.6,0.238,0.9461529086121889,47.99554734002976,False
0.0,-0.6,0.3,0.9437409682134646,50.220424107142854,False
0.1,-1.2,-1.2,1.0458804845426526,72.98828124999999,True
0.1,-1.2,-1.138,1.045301011959151,72.43751162574404,True
0.1,-1.2,-1.075,1.0447121456024302,72.25004650297618,True
0.1,-1.2,-1.012,1.0441135812466533,72.42588588169642,True
0.1,-1.2,-0.95,1.0435049991554974,72.96502976190474,True
0.1,-1.2,-0.888,1.0428860627954446,73.86747814360118,True
0.1,-1.2,-0.825,1.0422564179000855,75.13323102678571,True
0.1,-1.2,-0.762,1.0416156906805891,76.76228841145833,True
0.1,-1.2,-0.7,1.0409634868132838,78.75465029761904,True
0.1,-1.2,-0.638,1.0402993893858599,81.11031668526785,True
0.1,-1.2,-0.575,1.0396229576198284,83.82928757440476,True
0.1,-1.2,-0.512,1.0389337243188705,86.91156296502976,True
0.1,-1.2,-0.45,1.0382311941509794,90.35714285714285,True
0.1,-1.2,-0.387,1.0375148408701476,94.16602725074405,True
0.1,-1.2,-0.325,1.0367841044366863,98.33821614583334,True
0.1,-1.2,-0.262,1.0360383890592655,102.87370954241071,True
0.1,-1.2,-0.2,1.035277058203974,107.7725074404762,True
0.1,-1.2,-0.137,1.0344994319360865,113.03460984002976,True
0.1,-1.2,-0.075,1.033704781899286,118.66001674107144,True
0.1,-1.2,-0.012,1.032892327345427,124.6487281436012,True
0.1,-1.2,0.05,1.0320612286913229,131.00074404761907,True
0.1,-1.2,0.113,1.0312105813775092,137.716064453125,True
0.1,-1.2,0.175,1.030339409379697,144.79468936011907,True
0.1,-1.2,0.238,1.0294466550975236,152.2366187686012,True
0.1,-1.2,0.3,1.028531172880253,160.04185267857147,True
0.1,-1.175,-1.2,1.0443136907926651,63.29706101190478,True
0.1,-1.175,-1.138,1.0437186190767185,62.513776506696445,True
0.1,-1.175,-1.075,1.043113758562025,62.09379650297621,True
0.1,-1.175,-1.012,1.0424987878165721,62.03712100074407,True
0.1,-1.175,-0.95,1.041873368763413,62.34375000000002,True
0.1,-1.175,-0.888,1.0412371453427685,63.01368350074408,True
0.1,-1.175,-0.825,1.0405897423540096,64.04692150297622,True
0.1,-1.175,-0.762,1.0399307638748685,65.44346400669646,True
0.1,-1.175,-0.7,1.0392597917036648,67.2033110119048,True
0.1,-1.175,-0.638,1.0385763834517312,69.32646251860123,True
0.1,-1.175,-0.575,1.0378800709463942,71.81291852678575,True
0.1,-1.175,-0.512,1.0371703576383182,74.66267903645837,True
0.1,-1.175,-0.45,1.0364467164550888,77.8757440476191,True
0.1,-1.175,-0.387,1.0357085871223493,81.4521135602679,True
0.1,-1.175,-0.325,1.0349553725913414,85.39178757440482,True
0.1,-1.175,-0.262,1.034186437222846,89.69476609002982,True
0.1,-1.175,-0.2,1.0334011010709032,94.36104910714292,True
0.1,-1.175,-0.137,1.032598636929421,99.39063662574411,True
0.1,-1.175,-0.075,1.03177826558881,104.7835286458334,True
0.1,-1.175,-0.012,1.0309391496898381,110.53972516741078,True
0.1,-1.175,0.05,1.030080388243747,116.65922619047626,True
0.1,-1.175,0.113,1.0292010093754917,123.14203171502984,True
0.1,-1.175,0.175,1.0282999621575013,129.9881417410715,True
0.1,-1.175,0.238,1.027376107145731,137.1975562686013,True
0.1,-1.175,0.3,1.0264282067827797,144.77027529761912,True
0.1,-1.15,-1.2,1.0427182027144133,54.53590029761901,True
0.1,-1.15,-1.138,1.0421069980592055,53.52010091145829,True
0.1,-1.15,-1.075,1.0414855901574116,52.86760602678568,True
0.1,-1.15,-1.012,1.0408536392640413,52.578415643601154,True
0.1,-1.15,-0.95,1.040210787760744,52.65252976190473,True
0.1,-1.15,-0.888,1.0395566588509257,53.0899483816964,True
0.1,-1.15,-0.825,1.0388908550360663,53.89067150297616,True
0.1,-1.15,-0.762,1.0382129567011795,55.05469912574402,True
0.1,-1.15,-0.7,1.0375225201484362,56.58203124999998,True
0.1,-1.15,-0.638,1.0368190758370162,58.47266787574402,True
0.1,-1.15,-0.575,1.0361021261647547,60.72660900297617,True
0.1,-1.15,-0.512,1.0353711430815467,63.3438546316964,True
0.1,-1.15,-0.45,1.0346255656835774,66.32440476190474,True
0.1,-1.15,-0.387,1.0338647969386998,69.66825939360118,True
0.1,-1.15,-0.325,1.0330882002427682,73.3754185267857,True
0.1,-1.15,-0.262,1.0322950968486135,77.44588216145831,True
0.1,-1.15,-0.2,1.0314847600948551,81.87965029761904,True
0.1,-1.15,-0.137,1.030656412059411,86.67672293526785,True
0.1,-1.15,-0.075,1.0298092177778724,91.83710007440476,True
0.1,-1.15,-0.012,1.0289422794187673,97.36078171502976,True
0.1,-1.15,0.05,1.0280546293255324,103.24776785714285,True
0.1,-1.15,0.113,1.0271452217479673,109.49805850074405,True
0.1,-1.15,0.175,1.0262129254351058,116.11165364583333,True
0.1,-1.15,0.238,1.025256511128334,123.08855329241072,True
0.1,-1.15,0.3,1.0242746409559407,130.42875744047618,True
0.1,-1.125,-1.2,1.041093279106179,46.704799107142854,True
0.1,-1.125,-1.138,1.0404653857411617,45.45648484002976,True
0.1,-1.125,-1.075,1.039826854210706,44.571475074404766,True
0.1,-1.125,-1.012,1.039177325274619,44.04976981026786,True
0.1,-1.125,-0.95,1.0385164204531934,43.89136904761906,True
0.1,-1.125,-0.888,1.037843740857767,44.096272786458336,True
0.1,-1.125,-0.825,1.0371588652737063,44.66448102678572,True
0.1,-1.125,-0.762,1.0364613486830858,45.5959937686012,True
0.1,-1.125,-0.7,1.0357507203108438,46.89081101190477,True
0.1,-1.125,-0.638,1.035026481300518,48.548932756696445,True
0.1,-1.125,-0.575,1.0342881028755528,50.57035900297621,True
0.1,-1.125,-0.512,1.0335350232000684,52.95508975074407,True
0.1,-1.125,-0.45,1.0327666448329589,55.70312500000003,True
0.1,-1.125,-0.387,1.0319823310583964,58.814464750744065,True
0.1,-1.125,-0.325,1.031181403477464,62.28910900297622,True
0.1,-1.125,-0.262,1.0303631360751146,66.12705775669646,True
0.1,-1.125,-0.2,1.0295267524211804,70.32831101190479,True
0.1,-1.125,-0.137,1.028671419442609,74.89286876860123,True
0.1,-1.125,-0.075,1.0277962422798046,79.82073102678575,True
0.1,-1.125,-0.012,1.0269002570875698,85.11189778645837,True
0.1,-1.125,0.05,1.0259824239784516,90.76636904761908,True
0.1,-1.125,0.113,1.0250416177859936,96.7841448102679,True
0.1,-1.125,0.175,1.0240766183590806,103.16522507440482,True
0.1,-1.125,0.238,1.0230860985052246,109.90960984002982,True
0.1,-1.125,0.3,1.0220686119399143,117.0172991071429,True
0.1,-1.1,-1.2,1.0394381548480445,39.80375744047615,True
0.1,-1.1,-1.138,1.0387929940773135,38.32292829241067,True
0.1,-1.1,-1.075,1.0381367385015268,37.20540364583329,True
0.1,-1.1,-1.012,1.037469008213598,36.45118350074401,True
0.1,-1.1,-0.95,1.0367894026064772,36.06026785714281,True
0.1,-1.1,-0.888,1.0360974990386813,36.032656715029724,True
0.1,-1.1,-0.825,1.0353928511456445,36.368350074404724,True
0.1,-1.1,-0.762,1.0346749867455083,37.067347935267826,True
0.1,-1.1,-0.7,1.0339434059446053,38.12965029761901,True
0.1,-1.1,-0.638,1.0331975789032823,39.5552571614583,True
0.1,-1.1,-0.575,1.0324369430295803,41.34416852678568,True
0.1,-1.1,-0.512,1.0316609003915604,43.496384393601154,True
0.1,-1.1,-0.45,1.0308688142941054,46.01190476190473,True
0.1,-1.1,-0.387,1.0300600059857397,48.890729631696395,True
0.1,-1.1,-0.325,1.0292337508693759,52.132859002976154,True
0.1,-1.1,-0.262,1.0283892731342459,55.738292875744015,True
0.1,-1.1,-0.2,1.0275257418893144,59.70703124999997,True
0.1,-1.1,-0.137,1.0266422649061686,64.03907412574402,True
0.1,-1.1,-0.075,1.0257378822297596,68.73442150297616,True
0.1,-1.1,-0.012,1.0248115589160431,73.7930733816964,True
0.1,-1.1,0.05,1.0238621758088078,79.21502976190473,True
0.1,-1.1,0.113,1.0228885218751818,85.00029064360116,True
0.1,-1.1,0.175,1.021889280096847,91.1488560267857,True
0.1,-1.1,0.238,1.0208630169441966,97.6607259114583,True
0.1,-1.1,0.3,1.0198081661239502,104.53590029761902,True
0.1,-1.075,-1.2,1.0377520399581737,33.83277529761904,True
0.1,-1.075,-1.138,1.0370890090162435,32.11943126860118,True
0.1,-1.075,-1.075,1.0364144038181684,30.769391741071416,True
0.1,-1.075,-1.012,1.035727822311618,29.782656715029752,True
0.1,-1.075,-0.95,1.0350288403689796,29.15922619047618,True
0.1,-1.075,-0.888,1.034317010137473,28.899100167410708,True
0.1,-1.075,-0.825,1.0335918582286023,29.002278645833325,True
0.1,-1.075,-0.762,1.0328528834945934,29.46876162574404,True
0.1,-1.075,-0.7,1.0320995551144903,30.298549107142854,True
0.1,-1.075,-0.638,1.031331309676953,31.49164109002976,True
0.1,-1.075,-0.575,1.030547548704749,33.048037574404766,True
0.1,-1.075,-0.512,1.029747635346368,34.967738560267854,True
0.1,-1.075,-0.45,1.0289308907549528,37.25074404761905,True
0.1,-1.075,-0.387,1.0280965909804098,39.897054036458336,True
0.1,-1.075,-0.325,1.027243961631541,42.906668526785715,True
0.1,-1.075,-0.262,1.02637217340507,46.2795875186012,True
0.1,-1.075,-0.2,1.0254803364760228,50.015811011904766,True
0.1,-1.075,-0.137,1.0245674946143355,54.11533900669644,True
0.1,-1.075,-0.075,1.0236326174465307,58.578171502976204,True
0.1,-1.075,-0.012,1.0226745923129115,63.40430850074406,True
0.1,-1.075,0.05,1.021692215511742,68.59375000000001,True
0.1,-1.075,0.113,1.0206841801571989,74.14649600074407,True
0.1,-1.075,0.175,1.0196490656512913,80.0625465029762,True
0.1,-1.075,0.238,1.0185853207484483,86.34190150669644,True
0.1,-1.075,0.3,1.0174912490722388,92.98456101190479,True
0.1,-1.05,-1.2,1.036034118880933,28.79185267857143,True
0.1,-1.05,-1.138,1.0353525897544038,26.845993768601193,True
0.1,-1.05,-1.075,1.034658982823042,25.263439360119055,True
0.1,-1.05,-1.012,1.0339528723970017,24.044189453125007,True
0.1,-1.05,-0.95,1.0332338092575615,23.188244047619058,True
0.1,-1.05,-0.888,1.0325013186606522,22.6956031436012,True
0.1,-1.05,-0.825,1.031754898321466,22.56626674107144,True
0.1,-1.05,-0.762,1.0309940162519673,22.800234840029777,True
0.1,-1.05,-0.7,1.0302181083366444,23.397507440476208,True
0.1,-1.05,-0.638,1.029426575409297,24.358084542410733,True
0.1,-1.05,-0.575,1.0286187803305848,25.681966145833353,True
0.1,-1.05,-0.512,1.0277940446542624,27.36915225074407,True
0.1,-1.05,-0.45,1.0269516442624973,29.419642857142883,True
0.1,-1.05,-0.387,1.026090806299607,31.83343796502979,True
0.1,-1.05,-0.325,1.0252107030203326,34.610537574404795,True
0.1,-1.05,-0.262,1.0243104469890594,37.75094168526789,True
0.1,-1.05,-0.2,1.0233890853432124,41.25465029761908,True
0.1,-1.05,-0.137,1.0224455920363402,45.12166341145837,True
0.1,-1.05,-0.075,1.0214788604058713,49.35198102678575,True
0.1,-1.05,-0.012,1.0204876940402214,53.94560314360123,True
0.1,-1.05,0.05,1.019470795851575,58.90252976190481,True
0.1,-1.05,0.113,1.0184267567227037,64.22276088169647,True
0.1,-1.05,0.175,1.0173540410184152,69.90629650297625,True
0.1,-1.05,0.238,1.0162509699137772,75.9531366257441,True
0.1,-1.05,0.3,1.0151157023108068,82.36328125000006,True
0.1,-1.025,-1.2,1.034283549318642,24.680989583333314,True
0.1,-1.025,-1.138,1.0335828676971193,22.502615792410698,True
0.1,-1.025,-1.075,1.0328695791067783,20.687546502976172,True
0.1,-1.025,-1.012,1.032143232803,19.235781715029745,True
0.1,-1.025,-0.95,1.0314033527633781,18.147321428571413,True
0.1,-1.025,-0.888,1.0306494355321068,17.422165643601176,True
0.1,-1.025,-0.825,1.0298809480175812,17.060314360119033,True
0.1,-1.025,-0.762,1.0290973252018651,17.061767578124982,True
0.1,-1.025,-0.7,1.0282979673124681,17.426525297619033,True
0.1,-1.025,-0.638,1.0274822368355212,18.154587518601176,True
0.1,-1.025,-0.575,1.0266494553028627,19.245954241071416,True
0.1,-1.025,-0.512,1.0257988993780442,20.700625465029752,True
0.1,-1.025,-0.45,1.0249297964540511,22.51860119047618,True
0.1,-1.025,-0.387,1.0240413209753327,24.6998814174107,True
0.1,-1.025,-0.325,1.0231325875366937,27.244466145833325,True
0.1,-1.025,-0.262,1.0222026463263545,30.15235537574404,True
0.1,-1.025,-0.2,1.0212504756290655,33.423549107142854,True
0.1,-1.025,-0.137,1.020274974426071,37.05804734002976,True
0.1,-1.025,-0.075,1.0192749533683554,41.05585007440475,True
0.1,-1.025,-0.012,1.0182491242223979,45.416957310267854,True
0.1,-1.025,0.05,1.0171960894533034,50.141369047619044,True
0.1,-1.025,0.113,1.0161143276170475,55.229085286458336,True
0.1,-1.025,0.175,1.0150021772260205,60.680106026785715,True
0.1,-1.025,0.238,1.0138578197273467,66.49443126860119,True
0.1,-1.025,0.3,1.0126792565676312,72.67206101190476,True
0.1,-1.0,-1.2,1.0324994613603165,21.500186011904752,False
0.1,-1.0,-1.138,1.031778945227808,19.089297340029756,False
0.1,-1.0,-1.075,1.0310452659753468,17.04171316964285,False
0.1,-1.0,-1.012,1.0302979461911588,15.357433500744044,False
0.1,-1.0,-0.95,1.0295364811874173,14.036458333333332,False
0.1,-1.0,-0.888,1.0287603368389673,13.078787667410714,False
0.1,-1.0,-0.825,1.0279689472280351,12.484421502976192,False
0.1,-1.0,-0.762,1.0271617118573364,12.253359840029763,False
0.1,-1.0,-0.7,1.026337992924783,12.385602678571432,False
0.1,-1.0,-0.638,1.0254971118153664,12.881150018601193,False
0.1,-1.0,-0.575,1.0246383454858392,13.740001860119053,False
0.1,-1.0,-0.512,1.02376092247914,14.962158203125007,False
0.1,-1.0,-0.45,1.0228640183585562,16.547619047619058,False
0.1,-1.0,-0.387,1.0219467500026809,18.4963843936012,False
0.1,-1.0,-0.325,1.021008170614618,20.80845424107144,False
0.1,-1.0,-0.262,1.0200472624906078,23.483828590029773,False
0.1,-1.0,-0.2,1.01906292983515,26.522507440476204,False
0.1,-1.0,-0.137,1.0180539899511911,29.92449079241073,False
0.1,-1.0,-0.075,1.0170191637194652,33.68977864583335,False
0.1,-1.0,-0.012,1.0159570638874884,37.818371000744065,False
0.1,-1.0,0.05,1.0148661825977598,42.310267857142875,False
0.1,-1.0,0.113,1.0137448754429002,47.16546921502979,False
0.1,-1.0,0.175,1.012591344565835,52.38397507440479,False
0.1,-1.0,0.238,1.0114036177946075,57.96578543526788,False
0.1,-1.0,0.3,1.0101795228380215,63.91090029761908,False
0.1,-0.975,-1.2,1.030680956428485,19.249441964285705,False
0.1,-0.975,-1.138,1.0299398948279115,16.606038411458325,False
0.1,-0.975,-1.075,1.029185085391515,14.32593936011904,False
0.1,-0.975,-1.012,1.028416022277965,12.40914481026785,False
0.1,-0.975,-0.95,1.0276321702762574,10.855654761904756,False
0.1,-0.975,-0.888,1.0268329624486108,9.665469215029757,False
0.1,-0.975,-0.825,1.0260177977064904,8.838588169642852,False
0.1,-0.975,-0.762,1.0251860377641682,8.375011625744046,False
0.1,-0.975,-0.7,1.024337003904267,8.27473958333333,False
0.1,-0.975,-0.638,1.0234699734442014,8.537772042410714,False
0.1,-0.975,-0.575,1.0225841756335385,9.16410900297619,False
0.1,-0.975,-0.512,1.0216787872088033,10.153750465029763,False
0.1,-0.975,-0.45,1.020752927560644,11.50669642857143,False
0.1,-0.975,-0.387,1.0198056522807017,13.222946893601193,False
0.1,-0.975,-0.325,1.0188359476829318,15.302501860119051,False
0.1,-0.975,-0.262,1.0178427229361433,17.745361328125004,False
0.1,-0.975,-0.2,1.0168248019276773,20.551525297619055,False
0.1,-0.975,-0.137,1.0157809137757368,23.7209937686012,False
0.1,-0.975,-0.075,1.0147096811854783,27.253766741071438,False
0.1,-0.975,-0.012,1.0136096096959757,31.149844215029773,False
0.1,-0.975,0.05,1.0124790706419162,35.409226190476204,False
0.1,-0.975,0.113,1.0113162860948461,40.03191266741073,False
0.1,-0.975,0.175,1.0101193081066928,45.01790364583335,False
0.1,-0.975,0.238,1.008885995215144,50.367199125744065,False
0.1,-0.975,0.3,1.0076139862153957,56.079799107142875,False
0.1,-0.95,-1.2,1.0288271061569019,17.928757440476183,False
0.1,-0.95,-1.138,1.0280647577836763,15.05283900669642,False
0.1,-0.95,-1.075,1.0272880466326224,12.540225074404756,False
0.1,-0.95,-1.012,1.0264964365862563,10.390915643601183,False
0.1,-0.95,-0.95,1.0256893597676235,8.604910714285708,False
0.1,-0.95,-0.888,1.024866214329061,7.182210286458327,False
0.1,-0.95,-0.825,1.0240263614937888,6.122814360119041,False
0.1,-0.95,-0.762,1.0231691224301256,5.426722935267851,False
0.1,-0.95,-0.7,1.0222937746719438,5.0939360119047565,False
0.1,-0.95,-0.638,1.0213995482434082,5.124453590029757,False
0.1,-0.95,-0.575,1.0204856209712194,5.518275669642854,False
0.1,-0.95,-0.512,1.019551114159983,6.275402250744045,False
0.1,-0.95,-0.45,1.0185950864121096,7.395833333333331,False
0.1,-0.95,-0.387,1.0176165274708084,8.879568917410714,False
0.1,-0.95,-0.325,1.0166143512399217,10.726609002976192,False
0.1,-0.95,-0.262,1.0155873878977202,12.936953590029763,False
0.1,-0.95,-0.2,1.0145343743004984,15.51060267857143,False
0.1,-0.95,-0.137,1.013453943374442,18.447556268601193,False
0.1,-0.95,-0.075,1.0123446124299982,21.74781436011905,False
0.1,-0.95,-0.012,1.0112047684313303,25.411376953125004,False
0.1,-0.95,0.05,1.0100326521926197,29.438244047619055,False
0.1,-0.95,0.113,1.0088263395505117,33.8284156436012,False
0.1,-0.95,0.175,1.0075837181552842,38.58189174107144,False
0.1,-0.95,0.238,1.0063024609887699,43.698672340029766,False
0.1,-0.95,0.3,1.0049799961568613,49.178757440476204,False
0.1,-0.925,-1.2,1.0269369514582263,17.538132440476186,False
0.1,-0.925,-1.138,1.0261525430199792,14.429699125744044,False
0.1,-0.925,-1.075,1.0253531251577916,11.684570312499996,False
0.1,-0.925,-1.012,1.0245381291271385,9.302746000744044,False
0.1,-0.925,-0.95,1.0237069522008129,7.284226190476189,False
0.1,-0.925,-0.888,1.0228589552483953,5.629010881696428,False
0.1,-0.925,-0.825,1.0219934591924082,4.337100074404763,False
0.1,-0.925,-0.762,1.0211097417500894,3.408493768601193,False
0.1,-0.925,-0.7,1.020207033527345,2.8431919642857175,False
0.1,-0.925,-0.638,1.0192845137713733,2.6411946614583375,False
0.1,-0.925,-0.575,1.0183413051816126,2.8025018601190532,False
0.1,-0.925,-0.512,1.0173764691927674,3.327113560267864,False
0.1,-0.925,-0.45,1.0163889990657748,4.215029761904771,False
0.1,-0.925,-0.387,1.0153778132213034,5.466250465029772,False
0.1,-0.925,-0.325,1.0143417477954075,7.080775669642868,False
0.1,-0.925,-0.262,1.013279547034728,9.058605375744062,False
0.1,-0.925,-0.2,1.0121898533795655,11.399739583333348,False
0.1,-0.925,-0.137,1.0110711961066556,14.104178292410731,False
0.1,-0.925,-0.075,1.009921976380411,17.171921502976208,False
0.1,-0.925,-0.012,1.0087404538025568,20.602969215029784,False
0.1,-0.925,0.05,1.007524725529704,24.39732142857145,False
0.1,-0.925,0.113,1.0062727073552897,28.554978143601215,False
0.1,-0.925,0.175,1.0049821057148598,33.07593936011907,False
0.1,-0.925,0.238,1.003650391086887,37.96020507812503,False
0.1,-0.925,0.3,1.0022747599268351,43.20777529761908,False
0.1,-0.9,-1.2,1.0250095012681248,18.077566964285715,False
0.1,-0.9,-1.138,1.0242022262268335,14.73661876860119,False
0.1,-0.9,-1.075,1.023379261233686,11.758975074404761,False
0.1,-0.9,-1.012,1.0225400028162708,9.144635881696427,False
0.1,-0.9,-0.95,1.0216838111428126,6.893601190476188,False
0.1,-0.9,-0.888,1.0208100070079873,5.005871000744045,False
0.1,-0.9,-0.825,1.0199178682651526,3.481445312499997,False
0.1,-0.9,-0.762,1.0190066260942456,2.3203241257440443,False
0.1,-0.9,-0.7,1.0180754607312084,1.522507440476187,False
0.1,-0.9,-0.638,1.0171234968627254,1.0879952566964248,False
0.1,-0.9,-0.575,1.0161497979328264,1.0167875744047579,False
0.1,-0.9,-0.512,1.0151533609289,1.3088843936011865,False
0.1,-0.9,-0.45,1.0141331085536363,1.9642857142857102,False
0.1,-0.9,-0.387,1.0130878825105596,2.9829915364583295,False
0.1,-0.9,-0.325,1.0120164343142208,4.365001860119044,False
0.1,-0.9,-0.262,1.0109174156292116,6.110316685267853,False
0.1,-0.9,-0.2,1.0097893667281503,8.218936011904757,False
0.1,-0.9,-0.137,1.0086307030185664,10.690859840029757,False
0.1,-0.9,-0.075,1.0074397009658205,13.526088169642854,False
0.1,-0.9,-0.012,1.0062144797677615,16.724621000744044,False
0.1,-0.9,0.05,1.0049529802534116,20.286458333333332,False
0.1,-0.9,0.113,1.0036529423814833,24.21160016741071,False
0.1,-0.9,0.175,1.0023118749185658,28.50004650297619,False
0.1,-0.9,0.238,1.0009270240742354,33.15179734002976,False
0.1,-0.9,0.3,0.9994953298936745,38.16685267857143,False
0.1,-0.875,-1.2,1.0230437310947342,19.54706101190476,False
0.1,-0.875,-1.138,1.022212748058479,15.973597935267852,False
0.1,-0.875,-1.075,1.0213653586080051,12.763439360119046,False
0.1,-0.875,-1.012,1.0205009223666983,9.91658528645833,False
0.1,-0.875,-0.95,1.0196187598093664,7.433035714285712,False
0.1,-0.875,-0.888,1.0187181489545127,5.312790643601188,False
0.1,-0.875,-0.825,1.0177983213752044,3.55585007440476,False
0.1,-0.875,-0.762,1.016858458424736,2.162214006696427,False
0.1,-0.875,-0.7,1.0158976863364255,1.1318824404761894,False
0.1,-0.875,-0.638,1.0149150710605055,0.46485537574404706,False
0.1,-0.875,-0.575,1.0139096125593803,0.16113281250000006,False
0.1,-0.875,-0.512,1.0128802378877932,0.22071475074404828,False
0.1,-0.875,-0.45,1.0118257941795143,0.6436011904761918,False
0.1,-0.875,-0.387,1.010745039867056,1.4297921316964306,False
0.1,-0.875,-0.325,1.0096366352509627,2.5792875744047645,False
0.1,-0.875,-0.262,1.0084991314870613,4.092087518601194,False
0.1,-0.875,-0.2,1.0073309573027744,5.968191964285719,False
0.1,-0.875,-0.137,1.0061304057988985,8.20760091145834,False
0.1,-0.875,-0.075,1.00489561618926,10.810314360119053,False
0.1,-0.875,-0.012,1.0036245548868763,13.776332310267865,False
0.1,-0.875,0.05,1.0023149917997836,17.10565476190477,False
0.1,-0.875,0.113,1.000964474350567,20.79828171502977,False
0.1,-0.875,0.175,0.9995702934188472,24.85421316964287,False
0.1,-0.875,0.238,0.9981294481772028,29.273449125744058,False
0.1,-0.875,0.3,0.9966385957273779,34.05598958333335,False
0.1,-0.85,-1.2,1.021038582422376,21.946614583333332,False
0.1,-0.85,-1.138,1.0201830131729663,18.140636625744047,False
0.1,-0.85,-1.075,1.0193102831576475,14.697963169642858,False
0.1,-0.85,-1.012,1.0184197125521677,11.618594215029761,False
0.1,-0.85,-0.95,1.01751057948401,8.902529761904761,False
0.1,-0.85,-0.888,1.016582115987574,6.549769810267857,False
0.1,-0.85,-0.825,1.0156335043435556,4.560314360119047,False
0.1,-0.85,-0.762,1.0146638722732924,2.9341634114583326,False
0.1,-0.85,-0.7,1.013672288058907,1.671316964285714,False
0.1,-0.85,-0.638,1.012657754602897,0.7717750186011901,False
0.1,-0.85,-0.575,1.0116192032232247,0.23553757440476178,False
0.1,-0.85,-0.512,1.0105554860961543,0.06260463169642867,False
0.1,-0.85,-0.45,1.0094653683715056,0.2529761904761909,False
0.1,-0.85,-0.387,1.0083475186748068,0.8066522507440483,False
0.1,-0.85,-0.325,1.007200498459664,1.7236328125000013,False
0.1,-0.85,-0.262,1.0060227498551766,3.0039178757440497,False
0.1,-0.85,-0.2,1.0048125809671251,4.6475074404761925,False
0.1,-0.85,-0.137,1.003568151073704,6.6544015066964315,False
0.1,-0.85,-0.075,1.0022874500362153,9.024600074404765,False
0.1,-0.85,-0.012,1.000968277374296,11.758103143601193,False
0.1,-0.85,0.05,0.9996082157870114,14.854910714285719,False
0.1,-0.85,0.113,0.9982046007754211,18.31502278645834,False
0.1,-0.85,0.175,0.9967544853459002,22.138439360119055,False
0.1,-0.85,0.238,0.9952545935960634,26.32516043526786,False
0.1,-0.85,0.3,0.9937012725658384,30.87518601190477,False
0.1,-0.825,-1.2,1.0189929610013784,25.276227678571434,False
0.1,-0.825,-1.138,1.018111888740506,21.237734840029766,False
0.1,-0.825,-1.075,1.017212861309558,17.562546502976197,False
0.1,-0.825,-1.012,1.0162951567650276,14.250662667410719,False
0.1,-0.825,-0.95,1.015358007602575,11.302083333333336,False
0.1,-0.825,-0.888,1.0144005970605259,8.716808500744051,False
0.1,-0.825,-0.825,1.0134220542415358,6.494838169642859,False
0.1,-0.825,-0.762,1.0124214496397215,4.6361723400297645,False
0.1,-0.825,-0.7,1.0113977890167607,3.1408110119047636,False
0.1,-0.825,-0.638,1.0103500075960736,2.008754185267859,False
0.1,-0.825,-0.575,1.0092769626622375,1.240001860119049,False
0.1,-0.825,-0.512,1.0081774258068648,0.8345540364583347,False
0.1,-0.825,-0.45,1.0070500735361432,0.7924107142857156,False
0.1,-0.825,-0.387,1.005893477402699,1.1135718936011918,False
0.1,-0.825,-0.325,1.0047060917840294,1.7980375744047632,False
0.1,-0.825,-0.262,1.003486240206927,2.8458077566964297,False
0.1,-0.825,-0.2,1.0022321003708168,4.256882440476192,False
0.1,-0.825,-0.137,1.00094168506543,6.031261625744049,False
0.1,-0.825,-0.075,0.9996128216417391,8.168945312500002,False
0.1,-0.825,-0.012,0.9982431268594095,10.66993350074405,False
0.1,-0.825,0.05,0.9968299787764185,13.534226190476193,False
0.1,-0.825,0.113,0.9953704804908464,16.76182338169643,False
0.1,-0.825,0.175,0.9938614203645193,20.352725074404766,False
0.1,-0.825,0.238,0.9922992231103401,24.306931268601193,False
0.1,-0.825,0.3,0.9906798880666592,28.62444196428572,False
0.1,-0.8,-1.2,1.0169057355011069,29.53590029761904,False
0.1,-0.8,-1.138,1.0159982031747974,25.26489257812499,False
0.1,-0.8,-1.075,1.015071878639856,21.357189360119037,False
0.1,-0.8,-1.012,1.014125995148287,17.812790643601183,False
0.1,-0.8,-0.95,1.0131597364171003,14.631696428571422,False
0.1,-0.8,-0.888,1.0121722331107992,11.813906715029754,False
0.1,-0.8,-0.825,1.0111625576590617,9.359421502976183,False
0.1,-0.8,-0.762,1.0101297187475164,7.268240792410707,False
0.1,-0.8,-0.7,1.0090726553363978,5.540364583333326,False
0.1,-0.8,-0.638,1.0079902295978649,4.175792875744041,False
0.1,-0.8,-0.575,1.0068812192208714,3.1745256696428514,False
0.1,-0.8,-0.512,1.0057443085680027,2.5365629650297565,False
0.1,-0.8,-0.45,1.0045780787650023,2.2619047619047574,False
0.1,-0.8,-0.387,1.0033809959933697,2.350551060267853,False
0.1,-0.8,-0.325,1.0021513985113084,2.8025018601190443,False
0.1,-0.8,-0.262,1.0008874818911526,3.617757161458331,False
0.1,-0.8,-0.2,0.9995872804413768,4.796316964285713,False
0.1,-0.8,-0.137,0.9982486487865234,6.33818126860119,False
0.1,-0.8,-0.075,0.9968692362013919,8.243350074404763,False
0.1,-0.8,-0.012,0.995446460009755,10.51182338169643,False
0.1,-0.8,0.05,0.9939774723951945,13.143601190476192,False
0.1,-0.8,0.113,0.9924591221590782,16.13868350074405,False
0.1,-0.8,0.175,0.9908879069075429,19.497070312500004,False
0.1,-0.8,0.238,0.989259918066579,23.218761625744055,False
0.1,-0.8,0.3,0.9875707708468449,27.303757440476197,False
0.1,-0.775,-1.2,1.0147757363689303,34.72563244047621,False
0.1,-0.775,-1.138,1.0138407444092536,30.22210984002978,False
0.1,-0.775,-1.075,1.012886078404867,26.08189174107145,False
0.1,-0.775,-1.012,1.0119109231455532,22.304978143601208,False
0.1,-0.775,-0.95,1.010914410584171,18.891369047619065,False
0.1,-0.775,-0.888,1.009895615150368,15.841064453125014,False
0.1,-0.775,-0.825,1.0088535480147294,13.154064360119062,False
0.1,-0.775,-0.762,1.0077871519219754,10.830368768601204,False
0.1,-0.775,-0.7,1.006695293723594,8.869977678571441,False
0.1,-0.775,-0.638,1.0055767570401988,7.272891090029773,False
0.1,-0.775,-0.575,1.004430233802251,6.039109002976201,False
0.1,-0.775,-0.512,1.0032543142665402,5.168631417410723,False
0.1,-0.775,-0.45,1.0020474761547165,4.661458333333342,False
0.1,-0.775,-0.387,1.0008080718831485,4.517589750744055,False
0.1,-0.775,-0.325,0.9995343139946304,4.737025669642865,False
0.1,-0.775,-0.262,0.9982242580005063,5.319766090029769,False
0.1,-0.775,-0.2,0.9968757837245774,6.265811011904768,False
0.1,-0.775,-0.137,0.9954865720215011,7.575160435267863,False
0.1,-0.775,-0.075,0.9940540779381236,9.247814360119053,False
0.1,-0.775,-0.012,0.9925755007553902,11.283772786458337,False
0.1,-0.775,0.05,0.991047745163558,13.683035714285719,False
0.1,-0.775,0.113,0.9894673788647096,16.445603143601193,False
0.1,-0.775,0.175,0.987830579007907,19.571475074404766,False
0.1,-0.775,0.238,0.9861330680880583,23.060651506696434,False
0.1,-0.775,0.3,0.984370037406372,26.913132440476193,False
0.1,-0.75,-1.2,1.0126017542182644,40.84542410714286,False
0.1,-0.75,-1.138,1.0116382588824604,36.10938662574405,False
0.1,-0.75,-1.075,1.0106541597119012,31.736653645833336,False
0.1,-0.75,-1.012,1.0096485903381647,27.727225167410715,False
0.1,-0.75,-0.95,1.0086206264127404,24.08110119047619,False
0.1,-0.75,-0.888,1.0075692822898217,20.798281715029763,False
0.1,-0.75,-0.825,1.0064935041203285,17.878766741071427,False
0.1,-0.75,-0.762,1.0053921631698306,15.322556268601188,False
0.1,-0.75,-0.7,1.004264048826083,13.129650297619046,False
0.1,-0.75,-0.638,1.003107860345729,11.300048828124998,False
0.1,-0.75,-0.575,1.001922196973913,9.833751860119046,False
0.1,-0.75,-0.512,1.0007055473476545,8.730759393601188,False
0.1,-0.75,-0.45,0.9994562774925938,7.991071428571427,False
0.1,-0.75,-0.387,0.9981726164987853,7.614687965029759,False
0.1,-0.75,-0.325,0.9968526399861581,7.601609002976188,False
0.1,-0.75,-0.262,0.9954942523867992,7.951834542410713,False
0.1,-0.75,-0.2,0.9940951642083226,8.665364583333332,False
0.1,-0.75,-0.137,0.9926528672491358,9.742199125744046,False
0.1,-0.75,-0.075,0.991164604256264,11.182338169642856,False
0.1,-0.75,-0.012,0.9896273347599093,12.985781715029761,False
0.1,-0.75,0.05,0.988037691898859,15.152529761904761,False
0.1,-0.75,0.113,0.9863919348589371,17.682582310267858,False
0.1,-0.75,0.175,0.9846858855823102,20.575939360119047,False
0.1,-0.75,0.238,0.9829148597393382,23.832600911458336,False
0.1,-0.75,0.3,0.9810735747106425,27.452566964285715,False
0.1,-0.725,-1.2,1.010382538626704,47.895275297619065,False
0.1,-0.725,-1.138,1.0093894493139133,42.92672293526787,False
0.1,-0.725,-1.075,1.0083747762395072,38.32147507440477,False
0.1,-0.725,-1.012,1.007337597019233,34.079531715029766,False
0.1,-0.725,-0.95,1.00627692839483,30.20089285714287,False
0.1,-0.725,-0.888,1.0051917198304599,26.685558500744055,False
0.1,-0.725,-0.825,1.0040808472321925,23.53352864583334,False
0.1,-0.725,-0.762,1.0029431055667546,20.74480329241072,False
0.1,-0.725,-0.7,1.0017772008017667,18.319382440476193,False
0.1,-0.725,-0.638,1.0005817411186626,16.257266090029766,False
0.1,-0.725,-0.575,0.9993552257523742,14.55845424107143,False
0.1,-0.725,-0.512,0.9980960337780471,13.222946893601192,False
0.1,-0.725,-0.45,0.996802410136432,12.250744047619051,False
0.1,-0.725,-0.387,0.9954724502439888,11.641845703125002,False
0.1,-0.725,-0.325,0.9941040815169909,11.39625186011905,False
0.1,-0.725,-0.262,0.9926950434229034,11.513962518601192,False
0.1,-0.725,-0.2,0.9912428622665795,11.99497767857143,False
0.1,-0.725,-0.137,0.9897448233690634,12.839297340029763,False
0.1,-0.725,-0.075,0.9881979371629418,14.046921502976192,False
0.1,-0.725,-0.012,0.9865989000607884,15.617850167410715,False
0.1,-0.725,0.05,0.9849440478860619,17.552083333333332,False
0.1,-0.725,0.113,0.9832292972856397,19.849621000744047,False
0.1,-0.725,0.175,0.9814500808354003,22.510463169642858,False
0.1,-0.725,0.238,0.9796012605618224,25.534609840029763,False
0.1,-0.725,0.3,0.9776770283267406,28.922061011904763,False
0.1,-0.7,-1.2,1.0081167966917297,55.87518601190478,False
0.1,-0.7,-1.138,1.0070929741990327,50.67411876860121,False
0.1,-0.7,-1.075,1.0060465335563518,45.83635602678574,False
0.1,-0.7,-1.012,1.0049764941899346,41.36189778645835,False
0.1,-0.7,-0.95,1.0038818083847711,37.250744047619065,False
0.1,-0.7,-0.888,1.0027613565260878,33.502894810267875,False
0.1,-0.7,-0.825,1.001613939310754,30.118350074404777,False
0.1,-0.7,-0.762,1.0004382688994657,27.097109840029773,False
0.1,-0.7,-0.7,0.9992329622431471,24.43917410714287,False
0.1,-0.7,-0.638,0.9979965289046346,22.144542875744058,False
0.1,-0.7,-0.575,0.996727360421451,20.213216145833343,False
0.1,-0.7,-0.512,0.9954237172108494,18.645193917410722,False
0.1,-0.7,-0.45,0.9940837132800567,17.4404761904762,False
0.1,-0.7,-0.387,0.9927052988769304,16.59906296502977,False
0.1,-0.7,-0.325,0.9912862407415471,16.120954241071434,False
0.1,-0.7,-0.262,0.9898240986690104,16.006150018601197,False
0.1,-0.7,-0.2,0.9883161980444977,16.254650297619055,False
0.1,-0.7,-0.137,0.9867595984697437,16.866455078125004,False
0.1,-0.7,-0.075,0.9851510564409222,17.84156436011905,False
0.1,-0.7,-0.012,0.9834869797558977,19.179978143601193,False
0.1,-0.7,0.05,0.9817633756265536,20.88169642857143,False
0.1,-0.7,0.113,0.9799757857260443,22.946719215029763,False
0.1,-0.7,0.175,0.978119208623908,25.375046502976193,False
0.1,-0.7,0.238,0.9761880051285299,28.16667829241072,False
0.1,-0.7,0.3,0.9741757832065476,31.32161458333334,False
0.1,-0.675,-1.2,1.0058031905803995,64.78515624999999,False
0.1,-0.675,-1.138,1.0047474443453726,59.35157412574404,False
0.1,-0.675,-1.075,1.0036679887643292,54.281296502976176,False
0.1,-0.675,-1.012,1.0025637802635596,49.574323381696416,False
0.1,-0.675,-0.95,1.001433703305564,45.230654761904745,False
0.1,-0.675,-0.888,1.0002765632254313,41.250290643601176,False
0.1,-0.675,-0.825,0.9990910799089192,37.6332310267857,False
0.1,-0.675,-0.762,0.9978758773340132,34.37947591145832,False
0.1,-0.675,-0.7,0.9966294755052231,31.48902529761903,False
0.1,-0.675,-0.638,0.9953502783264578,28.96187918526784,False
0.1,-0.675,-0.575,0.9940365608875306,26.798037574404745,False
0.1,-0.675,-0.512,0.9926864552486229,24.997500465029745,False
0.1,-0.675,-0.45,0.9912979335264991,23.56026785714284,False
0.1,-0.675,-0.387,0.9898687888814863,22.48633975074403,False
0.1,-0.675,-0.325,0.9883966126646255,21.775716145833314,False
0.1,-0.675,-0.262,0.9868787694507714,21.428397042410694,False
0.1,-0.675,-0.2,0.9853123655646594,21.444382440476176,False
0.1,-0.675,-0.137,0.9836942138973837,21.823672340029745,False
0.1,-0.675,-0.075,0.9820207921608021,22.566266741071413,False
0.1,-0.675,-0.012,0.9802881917920738,23.672165643601172,False
0.1,-0.675,0.05,0.9784920582291052,25.14136904761903,False
0.1,-0.675,0.113,0.9766275184682507,26.973876953124986,False
0.1,-0.675,0.175,0.9746890913760828,29.169689360119033,False
0.1,-0.675,0.238,0.9726705827366073,31.728806268601176,False
0.1,-0.675,0.3,0.970564947349501,34.651227678571416,False
0.1,-0.65,-1.2,1.0034403377977936,74.62518601190476,False
0.1,-0.65,-1.138,1.0023514224880392,68.95908900669643,False
0.1,-0.65,-1.075,1.0012376473456497,63.65629650297619,False
0.1,-0.65,-1.012,1.0000979006468833,58.716808500744044,False
0.1,-0.65,-0.95,0.9989309929051341,54.14062499999999,False
0.1,-0.65,-0.888,0.9977356497487022,49.927746000744044,False
0.1,-0.65,-0.825,0.9965105044338668,46.07817150297618,False
0.1,-0.65,-0.762,0.9952540857382457,42.59190150669642,False
0.1,-0.65,-0.7,0.993964809696772,39.46893601190475,False
0.1,-0.65,-0.638,0.9926409657247298,36.70927501860118,False
0.1,-0.65,-0.575,0.9912807032589811,34.31291852678571,False
0.1,-0.65,-0.512,0.9898820155114574,32.27986653645832,False
0.1,-0.65,-0.45,0.9884427209672386,30.61011904761904,False
0.1,-0.65,-0.387,0.9869604417914352,29.303676060267847,False
0.1,-0.65,-0.325,0.9854325793543205,28.360537574404752,False
0.1,-0.65,-0.262,0.983856285058642,27.780703590029752,False
0.1,-0.65,-0.2,0.9822284259456836,27.564174107142847,False
0.1,-0.65,-0.137,0.9805455458726235,27.710949125744037,False
0.1,-0.65,-0.075,0.9788038161616687,28.22102864583332,False
0.1,-0.65,-0.012,0.9769989805892907,29.094412667410705,False
0.1,-0.65,0.05,0.9751262863789948,30.33110119047618,False
0.1,-0.65,0.113,0.9731804018365362,31.931094215029752,False
0.1,-0.65,0.175,0.971155316876239,33.894391741071416,False
0.1,-0.65,0.238,0.9690442169003829,36.220993768601176,False
0.1,-0.65,0.3,0.9668393334362249,38.91090029761904,False
0.1,-0.625,-1.2,1.0010268078589741,85.39527529761907,False
0.1,-0.625,-1.138,0.9999034230828934,79.49666341145834,False
0.1,-0.625,-1.075,0.9987539631324063,73.96135602678572,False
0.1,-0.625,-1.012,0.9975772436795052,68.78935314360119,False
0.1,-0.625,-0.95,0.9963719970225099,63.980654761904766,False
0.1,-0.625,-0.888,0.995136863136272,59.53526088169643,False
0.1,-0.625,-0.825,0.9938703810263828,55.45317150297619,False
0.1,-0.625,-0.762,0.9925709780660283,51.73438662574405,False
0.1,-0.625,-0.7,0.991236957532206,48.37890625,False
0.1,-0.625,-0.638,0.9898664857152404,45.38673037574405,False
0.1,-0.625,-0.575,0.9884575761135114,42.75785900297618,False
0.1,-0.625,-0.512,0.9870080716773935,40.49229213169642,False
0.1,-0.625,-0.45,0.9855156241561189,38.59002976190475,False
0.1,-0.625,-0.387,0.9839776704494003,37.05107189360118,False
0.1,-0.625,-0.325,0.9823914047778867,35.87541852678571,False
0.1,-0.625,-0.262,0.9807537463906115,35.06306966145833,False
0.1,-0.625,-0.2,0.9790613013331034,34.614025297619044,False
0.1,-0.625,-0.137,0.9773103179294157,34.52828543526785,False
0.1,-0.625,-0.075,0.9754966323417531,34.80585007440475,False
0.1,-0.625,-0.012,0.9736156062617178,35.44671921502975,False
0.1,-0.625,0.05,0.9716620473830911,36.45089285714285,False
0.1,-0.625,0.113,0.9696301186555188,37.81837100074404,False
0.1,-0.625,0.175,0.9675132205735875,39.54915364583332,False
0.1,-0.625,0.238,0.9653038531553212,41.6432407924107,False
0.1,-0.625,0.3,0.9629934393770968,44.100632440476176,False
0.1,-0.6,-1.2,0.9985611219639293,97.09542410714288,False
0.1,-0.6,-1.138,0.997401906365212,90.96429734002979,False
0.1,-0.6,-1.075,0.99621533283976,85.19647507440479,False
0.1,-0.6,-1.012,0.9950001403374706,79.79195731026788,False
0.1,-0.6,-0.95,0.9937549746598403,74.75074404761907,False
0.1,-0.6,-0.888,0.9924783842461204,70.07283528645834,False
0.1,-0.6,-0.825,0.9911688082993926,65.75823102678574,False
0.1,-0.6,-0.762,0.9898245634700172,61.806931268601204,False
0.1,-0.6,-0.7,0.9884438323137906,58.21893601190477,False
0.1,-0.6,-0.638,0.9870246478936471,54.99424525669644,False
0.1,-0.6,-0.575,0.9855648767388901,52.132859002976204,False
0.1,-0.6,-0.512,0.9840621990917576,49.63477725074406,False
0.1,-0.6,-0.45,0.9825140860960617,47.50000000000001,False
0.1,-0.6,-0.387,0.9809177731453375,45.72852725074405,False
0.1,-0.6,-0.325,0.979270228960102,44.3203590029762,False
0.1,-0.6,-0.262,0.9775681197978823,43.27549525669644,False
0.1,-0.6,-0.2,0.975807766152021,42.59393601190476,False
0.1,-0.6,-0.137,0.9739850931836544,42.27568126860119,False
0.1,-0.6,-0.075,0.9720955697112511,42.320731026785715,False
0.1,-0.6,-0.012,0.9701341354189028,42.729085286458336,False
0.1,-0.6,0.05,0.9680951156058611,43.500744047619044,False
0.1,-0.6,0.113,0.965972111987421,44.635707310267854,False
0.1,-0.6,0.175,0.9637578744729564,46.13397507440476,False
0.1,-0.6,0.238,0.9614441398049869,47.99554734002976,False
0.1,-0.6,0.3,0.9590214309003897,50.220424107142854,False
